title;album;year;lyrics
Penelope;Vagabundo;;"Me despierto en el alba soñando no sé qué
Desayuno con lluvia y te recuerdo en el café
Soñé tu figura lejos, esperando en los suburbios del olvido (Penélope)
Y me vi solo, zarpando en barcos de oro que llené con regalos para ti
Y luego vi que por celos el mar de mis tormentos se tragaba el barco
Y aquel loco que era yo
Y todo naufragó
Qué lejos tú, qué lejos yo
Los escombros de mi vida se deslizan con la lluvia
Recordando a Penélope
Me abandono a las olas, me escupen del mar
Han pasado los años, nadie sabe en dónde estás
Las calles desiertas por las noches
Y tu cara se dibuja en mi memoria
Los árboles se abrazan, como bosques de esqueletos
En la lluvia, y mi sueño naufragó
Qué lejos tú, qué lejos yo
Llueven lágrimas de menta y me emborracho de amargura
Olvidando a Penélope
Qué lejos tú, qué lejos yo
Los escombros de mi vida se deslizan con la lluvia
Olvidando a Penélope
Me refugio en las tavernas y me vuelvo taciturno
Olvidando a Penélope
Qué lejos tú, qué lejos yo
Lo que queda de mi vida lo malgasto en los lujurios
Recordando a Penélope
Lo que queda de mi vida lo malgasto en los lujurios
Recordando a Penélope
Recordando a Penélope"
Dancing in the Rain;Mad Love;;"Do you feel like coming to dance?
Or make love baby
I know you want it
So come down and show me what you need
So, do you feel?
Feel like comin'
Do you want me to stand alone?
Take that flower from your hair
And come dancing in the rain with me

Do you feel
Feel like running
If you're shy babe that's ok
I know we can fly if we're
Dancing in the rain you see
And when we dance
We can make love babe
When you move you can do no wrong
Show me how you feel
Come dance in the rain with me

There she goes
She's like a sexy rose
And her body's like a secret
That you gotta know
It's were I wanna be

There she goes
She's got a sexy pose
When she looks at me
And slowly takes off all her clothes
You move like you own the world
Why don't you dance with me?

I see your smile oh baby
Sweet sex can drive me crazy
Oh love
Ooooh you wanna dance in the rain with me?
And when we bump and grind all night
And it feels just like candy
Oh doll
Do you feel like dancing in the rain with me?

There she goes
She's like a sexy rose
And her body's like a secret
That you gotta know
It's were I wanna be

There she goes
She's got a sexy pose
When she looks at me
And slowly takes off all her clothes
You move like you own the world
Why don't you dance with me?

I see the girls dancing slowly
And the boys they moan like they're so horny
Oh doll
Do you feel like dancing with me?

There she goes
She's like a sexy rose
And her body's like a secret
That you gotta know
It's were I wanna be

There she goes
She's got a sexy pose
When she looks at me
And slowly takes off all her clothes
You move like you own the world
Why don't you dance with me?

There she goes
She's like a sexy rose
And her body's like a secret
That you gotta know
It's were I wanna be

There she goes
She's got a sexy pose
When she looks at me
And slowly takes off all her clothes
You move like you own the world
Why don't you dance with me?

Do you wanna dance in the rain with me?
Do you wanna dance in the rain with me?"
My Eyes Adore You;Mad Love;;"My eyes adore you
So many others always say
Tomorrow's before you
All of us mustn't play the game
So many days so many nights
Of love sweet love
Hold on don't wake up
Hold on to your life
Tomorrow's alive
Tonight
I know, I know how you feel
Most of us spend our lives waiting
For someone like you
It's a new day
I know, I know how you feel
It doesn't matter what you say
Some days will fall
Some days will run away
But know when we come
Someone will pave the way
Some win your heart and give you freedom from a lousy day
Why are you so cold?
Is it funny when I fall?
You're beautiful
Sinful
But tomorrow's our day
And your ways break my fall
My eyes adore you
As the river flows
Confused and dim
I'll be burning in your water
Again and forever
Washing away these sins
I know, I know how you feel
Most of us spend our lives waiting
For someone like you
It's a new day
I know, I know how you feel
It doesn't matter what you say
Some days will fall
Some days will run away
But know when we come
Someone will pave the way
Some win your heart and give you freedom from a lousy day
Why are you so cold?
Is it funny when I fall?
You're beautiful
Sinful
But tomorrow's our day
And your ways break my fall
Why you so cold
Yet beautiful"
Lie Without A Lover;Mad Love;;"Hey these nights are fashioned around you
I guess the bitter of path of love is no longer haunting you
Come, spring a new
My heart's still blue

I've been sittin' around waiting for you to perform
Sing a song to me
Because I'm bored
You bore me, you bore me, you bore me, you do
You make me wanna run away from you

These days hold me as I dwell in love
And I lie without a lover
And these days are cold
I'm in your spell of lust as I lie without a lover

Now the nights are days
I'm dazed
I feel that you are just a heart away
You're fine
That you are
Do you wanna love me
Yes I love you for a thousand days

Oh love sweet love I know there's a way
To help us both become one flame
Yeah, your hand it caresses all
To a place which appears
Will you run with me here?

HeseThese days hold me as I dwell in love
And I lie without a lover
And these nights are cold
I'm in your spell of lust
As I lie without a lover

Now the nights are days
I'm dazed
I feel that you are just a heart away
You're fine
That you are
Do you wanna love me
Yes I love you for a thousand days

Oh love sweet love I know there's a way
To help us both become one flame
Yeah, your hand it caresses all
To a place which appears
Will you run with me here?

And I lie without a lover
I think that every time you're swingin' it
You're swingin' it for me
I want to surround you with yourself and
Your fading reputation

Now the nights are days
Some days I feel that you're just a heart away
You find that you are
You wanna love me
Yes I love you for a thousand days

Oh love sweet love I know there's a way
To help us both become one flame
Yeah, your hand it caresses all
To a place which appears
Will you run with me here?"
Mad Love;Mad Love;;"And though I've tried to reach you
And time is closing in on me
Most of us
Can carry on as if nothing ever matters
But I ask you my love
Will you hold on to me forever?
But when you love me I'm fine
So love me just one more time
'Cause when I said, ""I love you""
That's forever
Do you remember when sunrise meant
That we should close are eyes
And words were just obstacles
Between our hello's and our goodbye's
And I was your savior
And you were my queen
And love was the answer
To just about everything
But when you love me I'm fine
So love me just one more time
'Cause when I said, ""I love you""
That's forever
Can you take me?
Take me from this hollow place
Can you hold me?
Hold me
And take away this pain
I'll always remember the part
When you'll always remind me
Of the possibilities
And maybe you and I will re-fall
Re-tune and find a way
But when you love me I'm fine
So love me just one more time
'Cause when I said, ""I love you""
That's forever
And I'm trying to reach you
Do you remember my touch
Like old friends
And I smile at you
Then we both start laughing
Now I'm a man of fortune
I'm a man that's free
But life with out you
Is true poverty
I'm a man of promise
My faith aside
Let's save ourselves
To stay alive
But when you love me I'm fine
So love me just one more time
'Cause when I said, ""I love you""
That's forever
I've tried to reach you
Do you remember the first time?
When I smile at you
Then we both start laughing
And I said, ""I'm a man of fortune, I'm a man that's free""
But life with out you keeps haunting me"
Crash Push;Mad Love;;"Crash
Would you like me to forget myself?
Or loose myself in you?
Push
Just one push will do
When I'm overboard drowning in you
I hear the whisper slowly
And soon our lips will be near
In between the day and night
I'll step into the blue twilight
Catch me darling catch me
Hold me back
I think I'm falling over you
What did you do?
Help me now
I'm loosing me into you
What did you do?
What did you do?
Walk
I walk a line that leads to you
Waiting, anticipating
Desire, has no say
She leads you on a road going crazy
I hear the whisper slowly
And soon our lips will be near
Hold me back
I think I'm falling over you
What did you do?
Help me now
I'm loosing me into you
What did you do?
What did you do?
In between the day and night
I'll step into the blue twilight
Catch me darling catch me
Hold me back
I think I'm falling over you
What did you do?
Help me now
I'm loosing me into you
What did you do?
What did you do?"
Vagabundo;Vagabundo;;"Vagabundo por el mundo...
Ay, ay, ay, ay, ay, ay
En un lugar desierto creí morir de sed
Y un animal preñado de luz me dio de beber
Lenguas de sol, beber a tragos el placer
Sentir la boca del miedo. (oasis de amor)
Tú y yo, Arena y escorpión, en un mar de fuego
Bajo el beso de la noche
Rodando por el mundo camino, camino
Pregunto a la quimera el enigma del destino
Nómada, loco, noctámbulo y soñador
Un vagabundo. (Eeeeeeeeeeeee)
Ay, ay, ay, ay, ay, ay
Arena y luz, esperma y olor de juventud
Lenguas de sol, beber a tragos el placer (pero se van ya)
Sentir la boca del miedo. (oasis de amor)
Tú y yo, arena y escorpión, en un mar de fuego
Buscando la quimera, bajo el beso de la noche
Lenguas de sol, oasis de amor, poetas en el Edén
Al fin, te encuentro en esta hoguera
Beso al fuego y no me quemo
Rodando por el mundo camino camino
Pregunto a la quimera el enigma del destino
Nómada, loco, noctámbulo y soñador
Un vagabundo (Trono sin rey)
Un vagabundo (templo sin dios)
Nómada, loco, noctámbulo y soñador
Un vagabundo (Trono sin rey)
Un vagbundo
Rodando por el mundo camino camino
Pregunto a la quimera el enigma del destino
Nómada, loco, noctámbulo y soñador
Un vagabundo
Un vagabundo
Nómada, loco, noctámbulo y soñador
Un vagabundo
Un vagabundo"
Más y más;;;"Más, si te acercas un poquito más me meterás en ti
Más, si te sueño más ya no podré dormir nunca jamás
Así susurrándome tu te vienes a mi
Y mi habitación se llenará de verde agua de mar
Verde que me pierde

Más y más si más te quiero quiéreme tu mucho más
Más y más dentro de mi entrarás
Tu más y más, tu más y más

Yo no se cómo abrazarme a tus brazos y no sufrir
Voy por la vida pidiéndote un amor de suicida
Así susurrándome tu te vienes a mi

Más y más si más te quiero quiéreme
Tu mucho más
Más y más dentro de mi entrarás
Tu más y más, tu más y más

(Susurrándome... morena, ehh)

Y mi habitación se llenará del verde agua de mar
Verde que me pierde
Más y más si más te quiero quiéreme tu mucho más
Más y más dentro de mi entrarás
Tu más y más
(Hold me back, I think I'm falling)
Tu más y más
(I think I'm falling)

Más y más dentro de mi entrarás
Tu más y más, tu más y más..."
Solitary Man;Mad Love;;"When I heard you say
Maybe we'll love again some distant day
I'm without an answer
I rather close my eyes and look for words to say
To treat the solitude again
It's clear to me it's there
And we're at the bottom
Can't delude ourselves like that
'Cause love is broken
Then you realize that you're dizzy now
From all that's spoken
Nothing near anymore
And everything is far from you
In your room of separation
You're crawling
You think yourself a man
A solitary man
Living in some distant day
In search of answers
Perhaps man will gradually
Without noticing
Live along some distant day
Into the answers
A thousand miles
A thousand dreams
A thousand roads you've seen
I crash and burn to mark this fragile state of love
A solitary man
He craves love secretly
A solitary man feels better when he bleeds
You think yourself a man
A solitary man
Living in some distant day
In search of answers
Perhaps man will gradually
Without noticing
Live along some distant day
Into the answers
Perhaps we heard him say
Perhaps man will then gradually
Find his way here again
And live along some distant day
Into the answers
And in doing so
Maybe he'll speak a word for us all
Maybe he'll speak a word for us all"
Amantes hasta el fin;Vagabundo;;"Juntos al fin, amor y juventud
Y al fondo niebla y luz, ¿Dónde irán?
Dos silhuetas, cruzaban los pantanos del dolor
Y en la otra orilla de la noche
Duelo y desolación

Amantes hasta el fin
Dormidos bajo el agua están
Dos sepulcros y un amor
No más lágrimas no más dolor
Amantes hasta el fin
Poetas de la obscuridad
Bajo el frío mármol gris
Que no mueran jamás
Quienes amen así
Amor

Amémonos sobre las tumbas en silencio como estatuas bajo el mar
Los dos unidos por las algas del olvido y olvidar
Las cosas del mundo en este anochecer nada importan ya

Amantes hasta el fin
Dormidos bajo el agua están
Dos sepulcros y un amor
No más lágrimas no más dolor
Amantes hasta el fin
Poetas de la obscuridad
Bajo el frío mármol gris
Que no mueran jamás
Quienes amen así"
Junkie (Cuando Pasara);;;"Lady Love, are you sad today?
Come and sway with me over here
Sorry sunlight jaded forever, I don't like it cold in the summer
No need for the wasteland of the pain anymore
My hands embrace the air every time I look at you
One last chance and we can burn the morrow
One last chance before tomorrow
I don't care where we go
I don't care what we do
Doesn't matter who we are
'Cause all we have is the broken calm of the sea
It's time to let things go
It's time to just be free
Junkie, come on now junkie
I'd like to find a way to kill the pain for you
Junkie, you are the cry of pain
I know that someday love and death will make you new
Lady Love, arose horizon, while we've been gone She holds my hand
I just want to mourn this forever, wanna sleep in love wherever
No need for the wasteland of the wounded sea
One last chance and we will burn the sorrow
One last chance before tomorrow
Junkie, come on now junkie
I'd like to find a way to kill the pain for you
Junkie, you are the cry of pain
I know that someday love and death will make you new
Junkie, come on now junkie
I'd like to find a way to kill the pain for you
Junkie, you are the cry of pain
I know that someday love and death will make you new"
California;Mad Love;;"You said
You'd always be around
Lately I see you above the clouds
You said I'm always playing games
And nothing's the same anymore
My, you are
You'll always be
The girl who loves a man, the way a man should be

I can' believe
What I've seen
'Cause I believe in you
My California girl
You remind me of all the things that were
It doesn't matter anymore
'Cause now you're a movie star

Tell all the people that you've moved on
Tell them that you were loved before by me
We don't understand each other any more
You're always on my mind

I can' believe
What I've seen
'Cause I believe in you
My California girl

She, she
I know she loves
Oh, she
She's just a little crazy
'Cause you're my
You'll always be
You'll always send a man away
Step all over me

Tell all the people that you've moved on
Tell them that you were loved before by me
We don't understand each other any more
You're always on my mind
(repeat 2X)"
Blanca Mujer;Vagabundo;;"New Orleans
A primeros de abril
En el noventa y cuatro
El está condenado a morir
Por amar demasiado
Si quisieras ahora venir
Y acabar de una vez con mi vida
Yo te lo pido blanca mujer
Que me lleves a tu eterna guarida
Tengo tantas ganas de ti
Pero no puedo llevarte ahora
Te toca todavía vivir
Porque aun no te ha llegado la hora
So una foto virtual
De su amor enlutado
El esta condenado a morir
Por amar demasiado
Si quisieras ahora venir
Y acabar de una vez con mi vida
Yo te lo pido mi blanca mujer
Que me lleves a tu eterna guarida
Tengo tantas ganas de ti
Pero no puedo llevarte ahora
Te toca todavía vivir
Porque aun no te ha llegado la hora
Nadie quiere nada de mi
Y tu quieres que te quite la vida
Pero yo no soy dueña de mi
Solo espero la campana de arriba
Tengo tantas ganas de ti
Pero no puedo llevarte ahora
Te toca todavía vivir
Porque aun no te ha llegado la hora
En un día de primeros de abril
Hay un hombre esperando a morir"
Esto es vida;Vida;;"[Letra de ""Esto es vida"" feat. Juan Luis Guerra]

Besar tus ojos oscuros
Dejar atrás las heridas
Dormir, dormir pegado a tu pecho
Esto es vida
Cerrar mi mano en tu mano
Y beber tu dulce saliva
Meter mi cuerpo
Meter mi cuerpo en tu cuerpo
Esto es vida

Vamos a hacer nuestra casa en el cielo
En el cielo de alguna selva
Cultivar amor en rama
Y plantar plantar estrellas
Beber amor cada noche
Y comer amor cada día
Esto es vida… esto es vida
Quemar el tiempo pasado
Dejarlo todo en la huida
Estar desnudos de todo
Esto es vida uuuu
Esto es vida

Y vamos a hacer nuestra casa
En el cielo de alguna selva
Cultivar a mor en rama
Y plantar estrellas
Beber amor cada noche
Y comer amor cada día
Esto es vida (x2)

Esto es vida (x2)"
La Flor Del Frio;Vagabundo;;"""dile que no tengo otra canción
Pero, dile que no tengo otra canción
Que se deje de cosas
Que la canción que voy a cantar esta noche
Es la de todas las noches
La de siempre, la flor del frío""
Noche en Londres, besos furtivos
Tal vez, sois como niños
Tal vez, ya descubrís, juegos prohibidos
Y hartos de la luna, sentís
Por vez primera soledad
Buscáis la flor del frío
Voláis lejos de aqui
Soñáis, hurgando en el dolor
Soñáis
En esa casa de Camden Town
Viven dos clandestinos al acecho del amor
-!son esos dos!
Señalaban los gobiernos
Con la misma mano del crimen
Que hoy os da el perdón
Vuestros versos ya no importan
Y no importa quién fue quién
Una lápida al escándalo
Y esa sórdida pared en Camden Town
Lejos de aqui
Soñáis huyendo del dolor
Y lloráis con la flor del frio"
Commitment #4;Mad Love;;"You're not the color of fresh snow buried under the trees
But your skin, your skin reminds me of a forest without leaves
I fantisized my true divide
We don't need to run tonight -- the pain I seize
True, true, true, true disbelieving from far away. You'll inhabit the heart
I wait... I wait another 18 hours and knock again
I wait 18 hours and knock again
The echo voices come from within
After hearing this I ran away, thinking to myself:
I'll come another day
I wait another 18 hours and try
This time around the ocean has seen the truth
The truth is I'm breaking down, thinking to myself:
Could this be truth?
We don't need to run tonight. The pain I seize
Fear in my life... stay away
This time the sound of the ocean sings
I tremble in confusion, I wake up
I think to myself: Could this be true?
Seconds went by and I noticed you
Don't give up, get closer
As fast as I can when I came to the following night I was inside
Fear in my life again (why?)
I ran as fast as I can. When I came to
The following night I was inside, feeling my life
I wait 18 hours and knock again
The echo voices comes from within;
After hearing this I ran away
Fear in my life, I'll come another day
I wait 18 hours and knock again
The echo voices come from within;
A fter hearing this I ran away, thinking to myself: I'll come another day
I wait 18 hours and knock again
The echo voices come from within;
After hearing this I ran away, thinking to myself: I'll come another day..."
Nymph;;;"Within the delicate purity of love
I find the wild gardens of swoon
I've slowly become a love comforter
All our fears, sorry world
Did you find love yesterday
Did you finally find another man to make your day
Spooning the butterflies I would die for you
Doesn't matter where we go
'Cause pain is all the same
And so I'm caught up by happyland
Draw up into detour land
Far beyond the forbidden flurries
Of disarray, disarray
Did you find love yesterday
Did you finally find another man to make you pray
Spooning the butterflies I would die for you
Doesn't matter where we go
'Cause pain is all the same
Spooning the butterflies I would die for you
Doesn't matter where we go
'Cause pain is all the same
I would die for you"
Songbirds & Roosters;;;"Nothing below, but the sky
On it's own, nowhere to go this time
I am the desperation of an imaginary day
The sentiment of the other side
I'm prisoned again
On this crazy little word
Memories today, disappear
So many days go by
And nothing is ever clear
I'm here, so care for me
Laugh for me
While I'm here
Smile, just for a while
I'm here, so die with me
Smile with me
While I'm here
Smile, just for a while
Oh, sweet lies yours
Of many mouths
I don't wanna die
Don't really wanna cry
Oh, yeah, well
Songbirds and roosters
Are dancing in my veins
Laughing away in my mind
That will always be an illusion
It's the wicked way of the other side
I'm here so care for me
Laugh for me
While I'm here
Smile, just for a while
Oh, sweet lies, yours
Of many mouths
I'm here so care for me
Die with me, while I'm here
Smile, just for a while
Oh, sweet lies from your
So many mouths, well, oh
Well, oh, well, I don't wanna die
Don't wanna cry, I don't wanna die
I don't wanna die"
Como Me Acuerdo;Mad Love;;"Hoy quiero hablar de ti
De lo que yo te amé
Me dueles tanto, tanto
Que sólo soy viento
Viento llegó, viento pasó y cómo me acuerdo
Sólo por ti viví, gracias a ti
Yo seguiré, viento llegó, viento se fue
Y cómo me acuerdo
Ay, yo te llamo, yo que te llamo
CORO
Donde estés, ven volando a mi lado
Dónde andarás
Dónde andarás, lejos de mí
Quién te dará lo que te di
Quién dormirá abrazado a ti, como yo
Cómo me acuerdo, amor
Como si fuera ayer
Viento llegó, viento pasó, y tú no estás aquí
Ay, viento pasó, y yo, cómo me acuerdo, amor
Ay, yo te llamo, yo que te llamo
Donde estés, ven volando a mi lado
Hey, voy a buscarte por donde estés pa' que
Pa' que vuelvas a mí, así nos volvamos
A enamorar
Ay, yo te llamo, yo que te llamo
Donde estés, ven volando a mi lado
Hey, voy a buscarte por donde estés pa' que
Pa' que vuelvas a mí, y así
Nos volvamos a enamorar"
Cruzando puertas;Frío;;"Voy cruzando puertas tras de ti
Amor, porque quiero yo así
Porque sé que nos buscamos
Voy pisando pasos que ya di

¿Dónde estás? Te busco
Sólo encuentro un lugar de piedra y silencio

Voy cruzando puertas tras de ti
Voy cruzando puertas tras de ti

La oscuridad invita a la experiencia
Amiga y enemiga, es un animal
Que alimentarás hasta el fin

Te busco, sólo encuentro un lugar
De piedra y silencio
Tu cuerpo acecha tras la sombra
Tu cuerpo, laberinto eterno
Encubre peligro y misterio

Voy cruzando puertas tras de ti--¿Dónde estás?
Te busco, sólo encuentro un lugar
De piedra y silencio
Tu cuerpo acecha tras la sombra
Tu cuerp, laberinto eterno
Encubre peligro y misterio
Peligro y misterio

¿Dónde estás? Te busco, sólo encuentro un lugar
De piedra y silencio
Tu cuerpo acecha tras la sombra
Tu cuerpo laberinto eterno
Encubre peligro y misterio
Peligro y misterio

¿Dónde estás? Te busco, sólo encuentro un lugar
De piedra y silencio
Tu cuerpo acecha tras la sombra
Tu cuerpo, laberinto eterno
Encubre peligro y misterio"
Never Know The Truth;Mad Love;;"I never know the truth baby
I never understand you
Precious love
I found you
In these endless days
They are driving me crazy
And I fell in love with you
I took you
But you weren't there for the taking
If I said to you
I understand you
Love is your truth
Love is your truth

I'll never know the truth
If what you gave me was real
Hey, I belong to you in the sunshine
In the sunshine
To hold you in the moonlight
There's endless fire in your bones
You'll kiss and love
And you're catching birds in my room

I never know the truth babe
These endless days without you
Are driving me crazy
But you fill in love
And you felt alone
And you said you were broken
How was I to know?
That you were broke
That we were one
That you were alive
How was it love on our side?
Or was it my misunderstanding?
My misfortune to..?

I'll never know the truth
I'll never understand you
That's why still today I'm caught up in you

I'll never know the truth
I'll never understand you
That's why still today I'm caught up in you

I never knew the truth babe
Never knew what you gave me was real love

I'll never know the truth
I'll never understand you
That's why still today I'm caught up in you

I never know the truth baby
I never understand you
Precious love
I found you

Love is your truth
Love is your truth

I could have sworn love was on your side"
Do You Remember;Mad Love;;"Forget the world
The world is a dream
I only live
When you're into me
You are my soul
God only knows
I can't let you go

Do you belong
Do we belong
To one another
You stay
Into my soul
Our days forever
Do you remember

You're my woman
And you're my lady
Someday we'll be falling
In love again

Don't let us crash
Lay close to me
Keep out the thoughts
Just try to breath

Stay in my skin
To my last dying day
I can't let you go

Do you belong
Do we belong
To one another
You stay
Into my soul
Our days forever

You're my woman
And you're my lady
Someday we'll be falling
In love again

Hey I'll be falling
Falling
Falling for you and you
You be falling for me
Do you remember
Do you remember

You stay
Into my soul
Our days forever

You're my woman
Yes you're my lady
Someday
We'll be falling in love again

Hey I'll be falling
Falling for you
And you be falling
For me

I remember
Do you remember love

Why do I feel like
I'm loosing my mind
Why do I feel like
I'm caught"
Sueño Contigo;;;"Cierro los ojos sueño contigo
Abro las manos toco tu cuerpo
Digo mi nombre tu nombre digo
Creo estar vivo se que estoy muerto
Pienso en mi casa pienso en la tuya
Pierdo tu luna pierdo mi luna
Soy la bestia y eres la bella
Cuando pienso en mi te etsoy llamando
Llueve en mi frente tu saliba ardiente
Sopla la brisa tu risa
Entre tus piernas una fuente
Quiero beber eternamente
Cuando grito tu nombre
La mañana se hace agua
Sigo buscando la conciencia se apaga
Con esta rosa soñando en mi pecho
Todo acontece nada se recuerda
Llueve en mi frente tu saliba ardiente
Sopla la brisa tu risa
Entre tus piernas una fuente
Quiero beber eternamente.(x2)"
This Time;Mad Love;;"Oh, break out
I wish I knew
It's late and I'm confused
I'm tired of feeling like I abuse you

I know these days will make me crawl
God, please don't let me fall

This time
I'm in your silhouette
And I'm fading into you
This time
I'm in your solitude

I'm an ocean growl
And reminding my symphony of uncertainty
Well there's plenty of bad weather in my head
In my head the sky is changing
For you and me
I crave the break
Now I see
I know these days you made a man fall
But I ain't about to crawl

This time
I'm in your silhouette
And I'm fading into you
This time
I'm in your solitude

I know these days you make one moment fall
Please don't let me fall
I ain't about to crawl
So I'm blamed for loving you
Blamed for loving

This time
I'm in your silhouette
And I'm fading into you
This time
I'm in your solitude"
Llanto Subterraneo;Vagabundo;;"Es un mal sueño largo, una tonta película de espanto
Un túnel que no acaba lleno de piedras y de charcos
¡Qué tiempo éste, maldito, que revuelve las horas y los años
El sueño y la conciencia, del ojo abierto y el morir despacio
El morir despacio!
Voy, voy a volverme un llanto subterráneo
Voy, voy a volverme un llanto subterráneo
La,la,la,la,la,la,la,la
Recién parido en el lecho de la muerte
Criatura de la paz, recién niño del sol de rostro negro
Arrullado en la cuna del silencio, mamando oscuridad
Corazón desierto, niño mío, cielo enterrado
Y manantial aereo
Voy, voy a volverme un llanto subterráneo
Voy, voy a volverme un llanto subterráneo
Un llanto subterráneo
Un llanto subterráneo"
Reza por Mi;;;"Si te vas, no hay oxigeno
No hay planeta tierra si te vas
El color se hace odio
Y se seca el mar porque tu no estas

Oyeme, no me dejes perdido
Si te vas, reza por mi
Si me quitas tu amor
Pa' que quiero el corazon
Anda y reza por mi
Si me vas a olvidar
Necesito tu oracion

Fijate si me duele
Que ya no siento casi ni dolor
Si te vas, ya no hay lagrimas
Que ya las he llorado todas yo

Oyeme, no me dejes perdido(y aprietame)
Aprietame no me sueltes la mano (no me sueltes la mano)
Agarrate a mi alma
Y no te vayas jamas
Si no, reza por mi
Si me quitas tu amor
Pa' que quiero el corazon
Anda y reza por mi
Si me vas a olvidar
Necesito tu oracion
Y anda y reza por mi
Si me vas a olvidar
Necesito tu oracion

Y ya no hay cielo
Solo hay duelo
Si te vas...

Oyeme no me dejes perdido
Aprietame, no me sueltes las mano
Agarrate a mi alma
Y no te vayas jamas
Si no, reza por mi
Si me quitas tu amor
Pa' que quiero el corazon

Reza por mi ...
Si me vas a olvidar
Necesito tu oracion
Aaahh si te vas rezaa por mi

El color se hace odio
Oyemee no me dejes perdido
Reza por mi...
Si me quitas tu amor
Necesito tu oracion
...necesito tu oxigenoo"
Madre Tierra 13;Vida;2013-03-18;"[Letra de ""Madre Tierra 13"" ft. Calle 13]

[Verso 1: Calle 13]
Estoy presente, aunque no me veas
Yo existo, porque existen mis ideas
Defiendo mi pasado contra cualquier rayo
Mientras mas profundas las raíces, más largo es el tallo
Un árbol no se cae cuando las raíces están bien sembradas
La erosión del suelo, mi piel no la siente
Sigo caminando porque me adapto al medio ambiente
Cuando nace la duda, muere la fe
Desperté preguntándome: ""¿Cuando, dónde, y qué?""
Madre Tierra felicidad y miseria
Todos somos tiempo, espacio y materia
Lo que aprendí, todo lo que olvidé
Lo que no encontré, todo lo que busqué
Lo que no te di, todo lo que te doy
Lo que dejé ayer, lo que me vivo hoy

[Verso 2: Draco Rosa]
Alguien trazó tu camino dentro de la selva
Todo te lo dio sin nada a cambio
Alguien besó tu frente con la boca fresca
Y cada noche te puso un ángel en tu cuarto

[Coro: Draco Rosa]
Tú, ¿quién eres tú?
Si no existiera madre Tierra
Tú, ¿quién eres tú?
Si no existiera madre Tierra
Si no existiera
Si no existiera madre Tierra
Si no existiera

[Puente: Calle 13]
Tocar, acariciar, golpear, pegar
Sudar, expulsar, destilar transpirar
Escuchar, atender, percibir, oír
Empezar, terminar, nacer y morir

[Coro: Draco Rosa]
Tú, ¿quién eres tú? si no existiera madre Tierra
Tú, ¿quién eres tú?
Tú, ¿quién eres tú? si no existiera madre Tierra
Tú, ¿quién eres tú?"
Cuando Pasara;Frío;;"Cae la noche y el silencio
Llena nuestro hogar
Duerme en la casa
Padre Nuestro
Que en el cielo está
Si miro al cielo me da miedo
Si miro al suelo más
Padre nuestro que estás arriba
Me tienes que escuchar
Cuándo escribirás tu cuento
Que cuente las cosas que yo siento
Cuándo darás a mi padre
Un poco de tiempo para hablarme
Cuándo pasará, cuando pasara
Cuándo llegará un buen día
En que pueda irme con mi padre a pasear
Cuándo sentiré sus pasos que junto a mis pasos
Me acompaña al andar
Jugando en la ciudad sin calles que cruzar
Hasta mañana, padre nuestro
No te olvides de mí
Sólo te pido, que mis sueños
Se hagan realidad y mañana cuando despierte
No sea un dia más
Cuándo pasará, cuándo pasará
Cuándo llegará un buen día
En que pueda irme con mi padre a pasear
Cuándo sentiré sus pasos que junto a mis pasos
Me acompaña al andar
Jugando en la ciudad sin calles que cruzar
Ra,ra,ra,ra,ra, ¿Cuándo pasará?"
Brujeria;Vagabundo;;"Guardo toneladas de poesía explosiva junto a mi cama
Y una pistola cargada de miedo bajo mi almohada
Guardo palabras del infierno y del cielo
Risas prohibidas y gritos tan fuertes que parecen silencios
Hacen heridas, hacen heridas
Poesía, Brujería
Poesía, Brujería
Guardo las fórmulas de un viejo adivino entre mis libros
Que no se pueden pronunciar en voz alta o estás perdido
Guardo las lenguas que consumen los hielos en mi cabeza
Y terremotos de oraciones que no se rezan
Poesía, Brujería
Poesía, Brujería
(Solo)
Poesía, Brujería
Poesía, Brujería"
Madre tierra;Vagabundo;;"Alguien te dio tu propia vida
Fruto de un amor doloroso
Alguien te dio tu propio nombre
Y marcó tu paso
Te dio la leche blanca de la luna
Sacada de un pezón de raso

Tú, quién eres tú, si no existiera Madre Tierra
Tú, quién eres tú

Alguien trazó tu camino dentro de la selva
Todo te lo dio sin nada a cambio
Alguien besó tu frente con la boca fresca
Y cada noche te puso un ángel en tu cuarto

Tú, quién eres tú, si no existiera Madre Tierra
Tú, quién eres tú

(Solo)

Si no existiera, Madre Tierra
Y si no existiera

Si no existiera, Madre Tierra
Y si no existiera

Madre Tierra, más mentira que verdad
Solamente es una idea de mi mente
Un recuerdo, para olvidar

Tú, quién eres tú si no existiera Madre Tierra
Tú, quién eres tú
Tú, quién eres tú si no existiera Madre Tierra
Tú, quién eres tú"
Heaven Can Wait;Mad Love;;"In the mist of winter day
The red sunlight lazy day
Nothing here is motionless
Everywhere I breathe taboo
There's no one else just me and you
In our magic solitude
Tears descend
Tears descend
She's sixteen moving into one direction, one emotion
Now she's seventeen
She's a fatal cause of mad love, curse
Heaven can't wait
Once a smile of sight and tell
Where the people did not dwell
Nightly at a secret hour
Keep us above the creepy flowers
There's no one else
Just me and you
In our magic solitude
Tears descend
Tears descend
She's sixteen moving into one direction, one emotion
Now she's seventeen
She's a fatal cause of mad love, curse
Heaven can't wait
Tears descend
Tears descend
She's sixteen moving into one direction, one emotion
She's sixteen moving into one direction, one emotion
In a secret hour
She's seventeen
She's a fatal cause of mad love, curse
Heaven can't wait"
Almas Diferentes, Almas Gemelas;Frío;;"Dentro de mi cuerpo
Todo lo que queda es ciudad
Adivina donde vivo
Bajo el puente de la soledad
Flores en tus ojos
En tus labios el fondo del mar
Una luna blanca en tu beso
Y tu sexo me sabe a sal
Almas diferentes
La clara tÃº, la oscura yo
Y al final, como el bien y el mal
Somos almas gemelas
Almas diferentes, la dulce tÃº
La amarga yo un animal contra otro animal
En un mundo de fieras y al final
Como el bien y el mal, somos almas gemelas
Almas difernetes almas gemelas
Yo respiro solo canciones de Robi Draco Rosa
TÃº nunca respiras sin mÃ­
Por tus venas corre sangre
Por las mÃ­as, un reptil
Almas diferentes, la dulce tÃº
La amarga yo un animal contra otro animal
En un mundo de fieras y al final
Como el bien y el mal, somos almas gemelas
Almas diferentes, la clara tÃº
La oscura yo y al final, como el bien y el mal
Somos almas gemelas
Un animal contra otro animal en un mundo de fieras
Almas difernetes almas gemelas
Almas gemelas y diferentes
Gemelas y diferentes"
Noche fría;Mad Love;;"Esta noche, frias mas frias sin ti yo no se que hacer
Me siento tan lejos y tan cerca que me estoy volviendo loco sin querer
Mira que me gustas mujer, que puedo yo hacer tener tu amor y padecer
Otra noche desesperado buscando un poco de pasión y no, yo no la encuentro en ti
Mi corazón se va triste
Esperando por ti en la sombra del sol
Canta para mi si no me voy...
Me aburro me aburro me voy de ti
Canta para mi si no me voy...
Esta noche, frias mas frias sin ti yo no se que hacer
Otra noche desesperado buscando un poco de pasion y no
Yo no la encuentro en ti
Mi corazón se va triste
Esperando por ti en la sombra del sol
Canta para mi si no me voy...
Me aburro, me aburro me voy de ti
Canta para mi si no me voy...
El dolor del olvido no me deja olvidar...
Me duele en el pecho saber que no estas..."
Try Me;Mad Love;;"Try me
Move beside me
Now look at my face
Yeah, try me

Try me
Try me
Try me this time
Just get a little closer
Look me in the eye

Try me
Move a little closer
Try me
Move a little closer
And you can't let go

Every time we're riding
I feel you closer to the night
And you're moving next to me
Just try
Do you wanna step out side?
Yeah, baby
Try me, try me, yeah

No time like this time
I move along sweet lie
I tried real hard to hold you
I wanna find open eyes

If you feel it's time to go
If you can't hold on
Than you can't let go

Every time we're riding
I feel you closer to the night
And you're moving next to me
Just try
Do you wanna step out side?
Yeah, baby
Try me, try me, yeah
(repeat 3x)"
Vivir;Vagabundo;;"Vivir
Solamente por dejar mis huellas
Y por grabar mi nombre en un altar
Malgastar mi tiempo yo no lo haré jamás
Ni por ti, ni por mí, ni por nadie
Amar, Solamente por sentirme superior
Ser como un dios que solo puede dar amor
Yo no soy capaz de ser tan tonto no
Ni por ti, ni por mí, ni por nadie
Ni por ti, ni por mí, ni por nadie
Deja (deja)
Que bailen los dioses
Deja, que los héroes bailen
Eminencia, yo no soy feliz
Me siento solo, la vida me maltrata
No soy digno de su confianza
Y no meresco su llanto
Siento vértigo
Me he decepsionado
Jamas
Exhibiría mi alma en un museo
Ni subastara mi amor a un comprador
Ni por ti, ni por mí, ni por nadie
Ni por ti, ni por mí, ni por nadie
Deja (deja)
Que bailen los dioses
Deja, que los héroes bailen
Que yo solo soy un hombre
Bailo solo para nadie, para nadie
Para nadie
Para nadie"
Mas Y Mas (Crash Push);Mad Love;;"Mas si te acercas un poquito mas
Me meterÃ¡s, en ti
Mas si te sueÃ±o mas
Ya no podrÃ© dormir nunca jamÃ¡s
A si susurrÃ¡ndome, tu te vienes a mi
Y mi habitaciÃ³n se llenara
De verde agua de mar
Verde q me pierde
Mas y mas si mas te quiero quiÃ©reme
Tu mucho mas
Mas y mas dentro de mi entraras
Mas y mas tu mas y mas
Yo no se como abrazarme a tus brazos
Y no sufrir
Boy por la vida pidiÃ©ndote un amor de suicida
A si susurrÃ¡ndome tu te vienes a mi
Mas y mas si mas te quiero quiÃ©reme
Tu mucho mas
Mas y mas dentro de mi entraras
Mas y mas, tu mas y mas
Y mi habitaciÃ³n se llenara del verde agua de mar
Verde q me pierde
Mas y mas si mas te quiero quiÃ©reme
Tu mucho mas
Mas y mas dentro de mi entraras
Tu mas y mas, tu mas y mas
Tu mas y mas, tu mas y mas
Mas y mas dentro de mi entraras
Tu mas y mas, tu mas y mas"
Delirios;Vagabundo;;"El reloj de la suerte marca la profecía
Deseo, angustia, sangre y desamor
Mi vida llena, y mi alma vacia
Yo soy el público y el único actor
En mis delirios, confusión
En mis delirios
Grito los nombres pero nadie responde
Perdí el camino de vuelta al hogar
Sé que estoy yendo, no sé adónde
Busco principio sólo encuentro final
En mis delirios, final
En mis delirios
(Solo)
Termina el sueño y suena el disparo
Soy el delirio soy la confusión
Soy como un verso, equivocado
La muerte deja, caer el telón
Soy delirio, confusión
Ser delirio
Confusión (confusión)
En mis delirios
Confusión (confusión)
En mis delirios
En mis delirios
En mis delirios"
Obra de arte;Vida;2013-03-18;"[Letra de ""Obra de Arte"" feat. Enrique Bunbury]
De los cuarenta colores que yo sé pintar
Eres ese color que no lo puedo ni soñar
Ven aquí, necesito imaginarte
Ay, amor, paso el día pintándote
Y qué difícil copiar el aire de tú piel
(Ay, amor, paso el día pintándote)
Pintarte es casi, casi como inventarte
Es hacer de ti una obra de arte
Te estoy buscando
Por las esquinas de la razón
Pero tú imagen huye siempre de mi voz
Ay, ay, ay amor, paso el día pintándote
Ay, ay, ay amor, y tú nombre quemándome
Y qué difícil es copiar el aire de tú piel
Oh, uh
Ay, ay, ay amor
Ay, amor, paso el día pintándote
(Ay, amor, paso el día pintándote) pintándote
(Ay, amor, paso el día pintándote) pintándote
Ay, ay, ay amor, paso el día pintándote (soñándote)
Y tú nombre, y tú nombre, pintándote
Y amándote
Una vida entera amándote"
Junkie;;;"Lady love, are you sad today, come and sway with me over here
Sorry sunlight jaded forever, I dont like it cold in the summer
No need for the wasteland of the pain anymore
My hands, embrace the air, every time i look at you
One last chance and we can burn the morrow, one last chance before tomorrow
I dont care where we go
I dont care what we do
Doesn't matter who we are
Cause all we have is the broken calm of the sea
It's time to let things go
It's time to just be free
Junkie, come on now junkie
Id like to find a way to kill the pain for you
Junkie, you are the cry of pain
I know that someday love and death will make you new
Lady love, arose horizon, while we've been gone she holds my hand
I just want to mourn this forever, wanna sleep in love whereever
No need for the wasteland of the wounded sea
One last chance and we will burn the sorrow
One last chance before tomorrow
Junkie, come on now junkie
Id like to find a way to kill the pain for you
Junkie, you are the cry of pain
I know that someday love and death will make you new
Junkie, come on now junkie
Id like to find a way to kill the pain for you
Junkie, you are the cry of pain
I know that someday love and death will make you new"
Mama;Frío;;"Mamá
Qué difícil es la vida
Siempre
De placer voy al dolor
Un poco de amor
Me hace más daño que morir
Un poco de amor
No es suficiente para mí

Madre
Tú me diste a mí la vida
Yo no
Yo no sé vivir mejor
Voy de legal
No me doy arte para mentir
Y rompo el cristal
Cuando no sé por donde huir

Hey
Soy un niño, casi un baby
Hey
Eso sí lo sé

Hey
Soy un niño, casi un baby
Hey
Mamá ayúdame

Madre
Ya no tengo experiencia
Nadie
Me enseño a sobrevivir
Quiero gritar
Pero el silencio me hace mal
No quiero morir
Pero vivir me asusta más

Madre
Qué difícil es la vida"
Vertigo;Vagabundo;;"Sol negro, negra luz
Los perros vomitan plástico azul
Los relojes marchan al revés
Y el invierno aparece bajo tus pies
Siento vértigo siento vértigo
Siento vértigo siento vértigo
Hay un maldito ruído
En éste gran carnaval (carnaval)
Y en el palacio de fuego
Hay un extraño animal
Que se apodera de ti
Que se apodera de mí
Negro sol
Negro sol, sol de llanto
De mi addicción y mi quebranto
Negro sol, verde luna
La carne rota y el alma cruda
Siento vértigo, siento vértigo
Siento vértigo, siento vértigo
Negro sol
Negro sol, sol de llanto
De mi adicción y mi quebranto
Negro sol, verde luna
La carne rota el alma cruda
Negro sol, sol de llanto
De mi adicción y mi quebranto
Negro sol, verde luna
La carne rota y el alma cruda"
Memories Burn;;;"Here we are, alone again
A lonely soul, without a friend
Our time, die slow
Over the edge of the mountain top
Draw afar the creator
Our time, die slow
Stoned sky or is it me
A seculent mind my belief
Our time, die slow
The liquid fog in the land of nod
Unaffected and complete
Our time, die slow
It's time, die slow
It's time, die slow
Funny dreams no such thing
On the mind there's no relief
Our time, die slow
Between the membrane and the blade
Love is all we have today
Our time, die slow
Memory burns as soon as man
All is left is nothingness
It's time, die slow
The time the day is out of place
'Cause everyday is yesterday
It's time, die slow
It's time, die slow
It's time, die slow
Feel the blackness laugh at me
Golden apples at our feet
Our time, die slow
'Cause here we are alone again
A lonely soul without a friend
Our time, die slow"
Para No Olvidar;Vagabundo;;"Morir es retirarse
Hacerse a un lado
Ocultarse un momento
Estarse quieto
Pasar el aire
De una orilla a nado
Y estar en todas partes
En secreto
Morir es encenderse
Boca abajo
Hacia el humo
Y el hueso y la caliza
Y hacerse tierra y tierra
Con trabajo
Quiero morir
Y volver a empezar
(Murió al amanecer, murió al amanecer)
Quiero vivir
(Murió al amanecer, murió al amanecer)
Y volver a empezar
Morir, y no olvidar
Morir es olvidar
Ser olvidado
Refugiarse desnudo
En el discreto
Calor de Dios
En su cerrado
Puño, crecer igual que un feto
Que un feto
(Murió al amanecer, murió al amanecer)
Quiero vivir
(Murió al amanecer, murió al amanecer)
Y volver a empezar
Morir, y no olvidar
(Murió al amanecer, murió al amanecer)
Quiero vivir
(Murió al amanecer, murió al amanecer)
Y volver a empezar
Morir, y no olvidar
Morir, y volver a empezar"
Rosa Maria (Cruzando Puertas);;;"Walking past the doors of memory
We cry for the family
Outside, and we listen to the background
Walking past the doors of memory
Glorified mother
Did you know that I'm in love
With your lonely heart
Walking past the doors of Rosa Maria
Walking past the doors of Rosa Maria
It all remains
Nothing is worth more than this day
Rosa Maria
Take me away
For the future may never be
Mother, did you know that I'm in love
With your lonely heart
Cause even though your days keep slowing down
I've got to tell you while you're around
Don't ever want to lose your love
Don't ever want to lose
Ever want to lose you
But I can only say...
Glorified mother
Did you know that I'm in love
With your lonely heart
'cause even though my days keep slowing down
I want to tell you while you're around
Don't ever want to lose your love
Don't ever want to lose
Ever want to lose you"
Hablando Del Amor;Vagabundo;;"Voy hablando del amor mientras camino
Por el valle de flores de la muerte
Flores del abismo
Para matar el llanto
Abismo de la sangre
Para matar el llanto
Sangre del deseo
Para matar el llanto
Deseo de la carne
Para matar el llanto
Voy hablando del amor mientras camino
Por el valle de flores de la muerte"
Libre Que Te Quiero Libre;;;"Hasta que se acabe el tiempo guey
Que se amen nuestros cuerpos
Y que salga el sol
Mil mañanas por oriente
Y mil lunas
Lunas diferentes
Sigue, sigue
Tu sigue bailando
Libre que te quiero libre
Libre de cuerpo y de alma
Viviendo la libertad
Porque te amo y tu me amas
Tu flor y tu alma
Sábila, tu te desnudas a punto de volar
Te doy mil besos
El tiempo se nos va
Asi será
Estoy aqui una vez más
Detras de tu flor y tu alma
Tu sigue bailando
Libre que te quiero libre
Libre de cuerpo y de alma
Viviendo la libertad
Porque te amo y tu me amas
Yo te amo y tu me amas
Sábila, tu te desnudas a punto de volar
Te doy mil besos
El tiempo se nos va
Estoy aqui una vez más
Detras de tu flor y tu alma
Sábila,a punto de volar
Te doy mil besos
El tiempo se nos va
Estoy aqui una vez más
Detras de tu amor y tu flor y tu alma
Sábila, bailando en la sombra con ella
Y asi se ira
Nadando entre tu flor y tu alma
Sabila, tu te desnudas a punto de volar
Te doy mil besos
El tiempo se nos va
Estoy aqui una vez más
Detras de tu amor y tu flor y tu alma
Sábila, bailando en la sombra con ella
Y asi se ira
Nadando entre tu flor y tu alma
Sábila, estoy aqui una vez más
Detras de tu amor y tu flor y tu alma"
Bandera;;;"Una mano que me guie entre tinieblas
Una mano que acaricie mis dolores
Una mano que me dibuje mi camino
Una mano y el destino

La tierra levanta banderas de guerra
Y el rio no corre
Y el sabio se esconde
La tierra levanta banderas de guerra
Y el rio no corre

La tierra levanta banderas de guerra
Y el rio no corre
Y el sabio se esconde
La bella durmiente nunca se despierta
Y el principe lobo miente cuando habla

La tierra levanta banderas de guerra
Y el rio no corre
Y el sabio se esconde
La tierra levanta banderas de guerra
Y el rio no corre"
Paraiso prometido (hay que llegar);;;"Es larga la carretera
Que conduce a ningún lado
Pasaporte prestado
Pocas ganas de andar
Es duro subir las cuestas
Y bajar por las pendientes
Cruzar las turbias corrientes
Que nadie quiere cruzar
Pero hay que llegar, hay que llegar
Hay que llegar al fin del mundo
Al paraíso prometido (ahí voy)
Hay que llegar al horizonte
Donde se pierden los sentidos
Comer la fruta del árbol escondido
Y hay que llegar al horizonte
Donde se pierden los sentidos
Comer la fruta del árbol prohibido
Hay que llegar, hay que llegar
Hay que llegar al fin del mundo
Al paraíso prometido
Hay que llegar, hay que llegar
Hay que llegar al fin del mundo
Al paraíso prometido
Hay que llegar, hay que llegar
Mas allá de las montanas(hay que llegar al fin del mundo)
Al paraíso prometido
Hay que llegar, hay que llegar
Deja que tu paso siga
Mas allá de las montañas
Al paraíso prometido
Hay que llegar, hay que llegar
Hay que llegar, al horizonte
Al paraíso prometido"
Aleluyah;;;"Hay un acorde turbador
Del rey David para el Señor
Y a ti te da lo mismo, no te importa
Se canta asi
La luz, el gris
El mar, el sol, el no y el si
Y todo junto suena a Aleluya...
Tu fe fallo y t traiciono
Desnuda ella te atrapo
Se luz y su belleza te agarraron
Te ato a la silla de tu amor
Rompio tu trono, te corto
El pelo de tu fuerza y Aleluya...
Tu nombre dices que jure
Y yo tu nombre ni lo se
Pero si fuera cierto, que te importa
En cada beso hay una luz
Cada palabra es casi tu
Lo santo y lo maldito es Aleluya...
Yo -lo mejor te di de me
Quise sentir y no senti
No te menti y siempre fui sincero
Y anque al final todo fue mal
Yo estoy cantando esta cancion
Que suena casi a Aleluya"
Luchar Por Ella;;;"Y la madrugada se vuelve cada vez mas intima
Podria hablarte de la luna
Pero prefiero que la mires
Podria hablarte del amor
Pero prefiero que lo sientas
Podria hablarte del amor
Pero prefiero que lo sientas
Hablarte de la verdad
Pero prefiero que la busques
Podria hablarte de la libertad
Pero prefiero que la goces, hablarte de la paz...
Podria hablarte del odio
Pero prefiero que lo ignores
Podria hablarte de la amistad
Pero prefiero ofrecertela
Podria hablarte de la verdad
Pero prefiero que la busques
Podria hablarte de la vida
Pero prefiero que la vivas
Podria hablarte del amor
Pero prefiero que lo sientas
Hablarte de la verdad
Pero prefiero que la busques
Podria hablarte de la libertad
Pero prefiero que la goces, hablarte de la paz...
Podria hablarte de la libertad
Pero prefiero que la goces
Podria hablarte de la paz
Pero prefiero que la sueñes
Podria hablarte del amor
Pero prefiero que lo sientas
Hablarte de la verdad
Pero prefiero que la busques
Podria hablarte de la libertad
Pero prefiero que la goces, hablarte de la paz..."
Quiero Vivir;;2020-01-24;
Frio;Frío;;"El reloj de la suerte marca la profecía
Deseo, angustia, sangre y desamor
Mi vida llena y mi alma vacía
Yo soy el público y el único actor

Las olas rompen el castillo de arena
La ceremonia de la desolación
Soy un extraño en el paraíso
Soy el juguete de la desilusión
Estoy ardiendo y siento frío

Frío

Grito los nombres pero nadie me responde
Perdí el camino de vuelta al hogar
Sé que estoy yendo pero no sé hacia dónde
Busco el principio y sólo encuentro el final

Las olas rompen el castillo de arena
La ceremonia de la desolación
Soy un extraño en el paraíso
Soy el juguete de la desilusión
Estoy ardiendo y siento frío

Frío (castillo de arena)
Frío
Frío (mi desolación)
Frío

Termina el sueño y suena el disparo
Soy el delirio, soy la confusión
Soy como un verso que está equivocado
Mientras la muerte deja caer el telón

Frío (castillo de arena)
Frío
Frío (mi desolación)
Frío"
Te Fumaré;;;"Fumarte es comerte, beberse tus humos
Fumarte es quererte por amor a humo
Fumarté es tenerte, tenerte es amarte
Y amarte es quererte por amor al arte
Fumaré, te agarraré entre
Mis labios sedientos y te fumaré
Prenderé fuego a tu cuerpo violento y te fumaré
Te fumaré,te fumaré, te fumaré
Te fumaré,te fumaré, te fumaré, te fumaré
Fumarte es chuparte y tragarse tu vida
Cerrarte la ultima herida, fumarte esperderte, fumarte es ganarte, y fumarte es amarte pero consumirte
Fumaré, te agarraré entre
Mis labios sedientos y te fumaré
Prenderé fuego a tu cuerpo violento y te fumaré
Te fumaré, te fumaré, te fumaré
Te fumaré, te fumaré, te fumaré, te fumaré
Fumaré, te agarraré entre
Mis labios sedientos y te fumaré
Prenderé fuego a tu cuerpo violento y te fumaré
Te fumaré, te fumaré, te fumaré
Te fumaré, te fumaré, te fumaré, te fumaré"
El Tiempo Va;;;"El tiempo va...
Hacia manana
Como una flecha

Quien escribe nuestra historia
Nos lo dira... que poco a poco
Poquito a poco
El tiempo va...

Graba' en una piedra
Esta verdad
Aunque no quieras
Aunque no quieras
El tiempo va...

Baila una sombra
En el aire
Con ella tu bailaras...
Agua que escapa tus dedos
Y se va como el tiempo va

El timepo va...
Y la energia que nos dio
...no volvera
Un reloj de arena
Bajo tus venas
Asi es la ley

Una vida
Es todo lo que hay

Noo queda rebeldia
No queda ni libertad
Aunque no quieras
Se acaba el dia
Y el tiempo va...

Baila una sombra en el aire
Con ella tu bailaras
Agua que escapa tus dedos
Y se va como el tiempo va...

Baila una sombra en el aire
Con ella tu bailaras
Agua que escapa en tus dedos
Y se va como el tiempo va

Bebe una gota la lluvia
De ella tu beberas
Agua que escapa tus dedos
Y se va con el tiempo va

Ayyay y el dia que te duermas
El color se dormira
Y aunque baile una sombra en el aire
Tu ya no bailaras
No queda rebeldia
No queda libertad
Y los gritos que nunca has gritado
Se van como el tiempo va...

Ooohh, eeehh
Oohhh, eeehh
Oohhh, eehhh, eeehhh"
Mourning Gun (Blanca Mujer);;;"Here we are, like a cone in the snow and we're going in time
Morning comes and I feel there's a way yet I don't really know

But it is you that I love when I'm alone
But I know tomorrow is gone
Maybe there's no time to refrain
Our lives have become mourning gun

Got to got to feel my disease
Got misfortune crawling under my sleeve
The king of fate is calling my name
Dragon lizard has a needle in me, yeah

He said that is far from control and that he knows
She said that an urge to be alive everytime we fly

But it is you that I love when I'm alone
But I know tomorrow is gone
Maybe there's no time to refrain
Our lives have become mourning gun

Got to got to feel my disease
Got misfortune crawling under my sleeve
The king of fate is calling my name
Dragon lizard has an needle in me

Got to got to feel my disease
Got misfortune crawling under my sleeve (yeah)
The king of fate is calling my name
Dragon lizard has an needle in me

Yeah, got misfortune crawling under my sleeve
Yeah, you've got to feel my disease"
Tu Tren Se Va;Frío;;"Levántate, muévete
Vive fuerte, quémate
Tu tren se va

Acaricia a quien quieras
Y dale un beso de verdad
Tu tren se va

Da una vuelta por tu vida
Tu salida está en ti
Tu tren se va

Ama tu casa y a tus cosas
Tus esquinas, tu lugar
Tu tren se va

Tu tren se va
Tu tren se va

Vuélvete a tus amigos
Usa a prisa tu bondad
Tu tren se va

Organiza tus ideas
Juega duro con tu fe
Tu tren se va

Mira tu cuerpo por última vez
Ámate, perdónate
Tu tren se va

Abre los ojos, di adiós
Duérmete, se acabó
Tu tren se va

Tu tren se va
Tu tren se va"
Todo Es Vino;;;"Acabamos en un bar
Abrazados por instinto
Un beso de vino tinto
En la sombra de un hotel
Un relampago de instinto
Un beso de vino tinto

Los dos locos por entrar
En un mismo laberinto
Un beso de vino tinto
Femenino, masculino

Todo es vino
Todo es al natural...

Estoy en la puerta de mi vida
Bailando el baile del sol
Esperando yo que se
Un barco que tal vez se fue
Los pasos de mi tacon
Mientras yo bailo la vida
A mi son

Todo es vino
Todo es al natural
Siempre al natural...."
Bosque de los Números;;;"En el Bosque de los Numeros
El pequeño y pudiente sacristan
Rueda por el desquicie acelerado
De algo distante a la verdad
Avisa a su piano
Piano del discrimen
Y rota como la misericordia
Purifica la muerte
Es insistente
El
Y abandonado;
De eso se trata su distraccion norteña
Son las distracciones del sarcasmo
Distraccion que le desprecia
Su asqueroso corazon de hierro"
Casi Una Diosa;Frío;;"Hey, tu tienes ondas en la piel
Tu me haces bien
Suave, invisible vaivén
Volando por mi cara vas
Como un pájaro gris cada día
Llenando todo lo que tocas de energía
Casi una diosa, escapada del Edén
En este mundo estúpido
Que no gira-gira bien
Rompes en pedazos mi mejor papel
Escrito con sagre y con miel
Y el mar entra en mi habitación
Porque tu eres el mar cada día
Llenándome todo lo que tocas de energía
Casi una diosa, escapada del Edén
En este mundo estúpido
Que no gira-gira bien
Casi una diosa, escapada del Edén
En este mundo estúpido
Que no gira-gira bien"
Volver;Frío;;"Yo no se lo que está pasando
La gente en mi barrio siempre peliando
La droga en la calle la policía
La bala que silba su melodía
Óyeme, la droga en la calle la policía

Aquí vengo sólo con mis amigos
Hablando me entiendo con mi enemigo
Hermano controla tu calentura
Oye mi canto que te la cura
Ala, Ala, que te la cura

Ven ven, ven y busca bajo la piel
Ven ven, más allá está el poder
Agua en el mar, fuego en el sol
Y en su sitio el corazón

Y ahora ven, luego te lo explico
América canta con Puerto Rico
Mi cielo, mi tierra, la buena gente
Yo quiero mi estado independiente
Óyeme, mi cielo, mi tierra, la buena gente
Óyeme Ala, Ala, la buena gente

Ven ven, ven y busca bajo la piel
Ven ven, más allá está el poder
Agua en el mar, fuego en el sol
Y en su sitio el corazón

Camino solitario bajo el sol
Por el aire llega el eco de tu voz

Ven ven, ven y busca bajo la piel
Ven ven, más allá está el poder
Agua en el mar, fuego en el sol
Y en su sitio el corazón

Ven ven, ven y busca bajo la piel
Ven ven, más allá está el poder
Agua en el mar, fuego en el sol
Y en su sitio el corazón"
Bajo La Piel;;;"Yo no se lo que está pasando
La gente en mi barrio siempre peleando
La droga en la calle la policía
La bala que silba su melodía
Óyeme
Aquí vengo sólo con mis amigos
Hablando me entiendo con mi enemigo
Hermano controla tu calentura
Oye mi canto ojalá que te la cura
Ven, ven
Ven y busca bajo la piel
Ven, ven
Más allá está el poder
Agua del mar fuego en el sol
Y en su sitio el corazón
Ven, ven, ven y busca bajo la piel
Y ahora ven. Luego te lo explico
Am'erica canta con Puerto Rico
Mi cielo, mi tierra la buena gente
Yo quiero mi peque~o independiente
Camino solitario abjo el sol
Por el aire llega el eco de tu voz
Ven, ven
Ven y biusca dbajo la piel
Ven, ven
Más allá está el poder
Agua en el mar
Fuego en el sol
Y en su sitio el corazón
Ven, ven
Ven y biusca dbajo la piel
Ven, ven
Ven y busca bajo la piel
Ven, ven
Más allá está el poder
Agua en el mar
Fuego en el sol
Y en su sitio el corazón
Ven, ven
Ven y busca bajo la piel
Ven
Más allá está el poder
Agua en el mar
Fuego en el sol
Y en su sitio el corazón
Agua en el mar
Fuego en el sol
Y en su sitio el corazón"
Nymph (Casi Una Diosa);;;"Within the delicate purity of love
I find the wild gardens of swoon
I've slowly become a love comforter
All our fears... sorry world

Did you find love yesterday
Did you finally find another man to make your day
Spooning the butterflies I would die for you
Doesn't matter where we go
'Cause pain is all the same

And so I'm caught up by happyland
Draw up into detourland
Far beyond the forbidden flurries of disarray
Disarray...

Did you find love yesterday
Did you finally find another man to make you pray
Spooning the butterflies I would die for you
Doesn't matter where we go
'Cause pain is all the same
Spooning the butterflies I would die for you
Doesn't matter where we go
'Cause pain is all the same

I would die for you..."
One Too Many Mornings;;;"Down the street the dogs are barkin'
And the day is a-gettin' dark
As the night comes in a-fallin'
The dogs 'll lose their bark
And' the silent night will shatter
From the sounds inside my mind
For I'm one too many mornings
And a thousand miles behind
From the crossroads of my doorstep
My eyes they start to fade
As I turn my head back to the room
Where my love and I have laid
And' I gaze back to the street
The sidewalk and the sign
And I'm one too many mornings
And' a thousand miles behind
It's a restless hungry feeling
That don't mean no one no good
When ev'rything I'm a-sayin'
You can say it just as good
You're right from your side
I'm right from mine
We're both just one too many mornings
And' a thousand miles behind"
Mis Amigos;;;"Silvido...
Si me ves andando
Por tu misma vía
Si me ves llorando
Mi melancolía
Déjame con mis enredos
No tengo imágen sin espejos
No tengo música sin ruido
No tengo brazos sin abrazos
No tengo vida si no tengo a mis amigos
Mi vino, mi libro, mi tierra, mi casa...
Mi playa, mi guitarra, mi cama y mis amigos...
No tengo imágen sin espejos
No tengo música sin ruido
No tengo brazos sin abrazos
No tengo vida
Si no tengo a mis amigos"
Roto por ti;;;"Roto por ti y por tus secretos
Totalmente infeliz cuando me atas
Viene viene, vien la lluvia
Vienen los vientos, cientos
Y te quiero tener y no puede ser, estoy roto
No me digas esto, no me ahogues
Enseña a nadar en tu mar
Sin tu vida no hay mi vida
Y no hay salida
Viene la lluvia, vienen los vientos, cientos...
Sin tu vida no hay mi vida
No hay salida no me queda mas momento
Que lo poco qu eyo siento y lo senti
Estoy roto por ti
Viene la lluvia, vienen los vientos, cientos...
Sin tu vida no hay mi vida
No hay salida no me queda mas momento
Que lo poco qu eyo siento y lo senti
Estoy roto por ti"
Y qué me importa;Frío;;"Y qué me importa tu cariño ahora
Se hace tarde para amarte a ti
Y qué me importa si tú me adoras
Si ya no hay razón para yo querer
Y qué me importa verte a ti sufriendo así
Si cuando yo te quise no supiste dar amor
Y qué me importa verte a ti llorando
Si tantas veces yo lloré también
Y qué me importa tu voz llamando
Si para ti yo nadie fui
Y que me importa la tristeza en tu mirar
Si mi mirar era mas triste sin ti
Y qué me importa verte a ti tan triste
Si triste fui y a ti no te importó
Y qué me importa tu cariño ahora
Si para mí la vida terminó"
Hasta La Victoria;;;"(Hasta la victoria siempre, patria o muerte
Se abraza con todo fervor revolucionario....)
Y ahora mientras suena esta musica de fondo y
La madrugada se vuelve cada vez intima
Podria hablarte de la luna, prefiero que la mires
Hablarte del amor prefiero que lo sientas
Sin conocerte voy a ti nadie se entiende
Todo se vuelve en duda, el mar abierto siempre con espuma
Y al final la sonrisa de un desconocido vale mas
Podria hablarte del odio pero prefiero que lo ignores
Hablarte de la amistad prefiero ofrecertela
Podria hablarte de la verdad pero prefiero que la busques
Hablarte de la vida pero prefiereo que la vivas
Hablarte del amor pero prefiereo que la sientas
Hablarte de la verdad pero prefiero que la busques
Sin conocerte voy a ti, nadie se entiende
Todo se vuelve en duda, el mar abierto siempre con espuma
Y al final la sonrisa de un desconocido vale mas
Hablarte de la libertad pero prefiero que la goces
Podria hablarte de la paz pero prefiere que la sueñes
Que luches por ella, hasta la victoria
Hasta la victoria, hasta la victoria..
(Gracias a Hemer por esta letra)"
Espejismo;;;"A pleno sol buscandote
Por el desierto voy
Fuego en la piel
Fuego en la voz
Fuego en el fuego
Mis ojos te ven ahi
Frente al abismo
El aire ya me huele a ti
Pero es un espejismo
(A pleno sol buscandote, mi destino es no saber donde encontrarte, es mi vida siempre buscarte, a pleno sol persiguiendo una luz, eres tu)
Agua me dan para beber
Y es lo mismo, la misma sed
La misma tu, mi unico espejismo
(A pleno sol buscandote, mi destino es no saber donde encontrarte, es mi vida siempre buscarte, a pleno sol persiguiendo una luz, eres tu)
Si me ven pasar, dejenme seguir voy por mi camino, en la ruta del sol, en los mares del calor y en las dunas del deseo
(A pleno sol buscandote, mi destino es no saber donde encontrarte, es mi vida siempre buscarte, a pleno sol persiguiendo una luz, eres tu)
Eres tu...
Es mi vida buscarte, mi destino es no saber donde encontrarte..."
Pasión;Frío;;"Ayer
He tatuado para siempre
En mi mano un corazón
Ayer, cuando te vi sentada
Al lado del calvario

Amor azul llorabas
Me deseabas tanto...
Por amor
Te lamentabas en la fuerza del viento
Por amor
Te deshacías con tu llanto

Pasión
Me quieres demasiado
Pasión
Estoy crucificado

Ayer
Me curaste las heridas
Por pura compasión
Ayer, cuando te vi sentada
Al lado del calvario

Amor azul llorabas
Me deseabas tanto...
Por amor
Te lamentabas en la fuerza del viento
Por amor
Te deshacías en purito llanto

Pasión
Me quieres demasiado
Pasión
Estoy crucificado

Siempre
He dicho que no necesito a nadie
Pasión
Sin ti no soy felíz

Y el sol se oculta por vergüenza de mi corazón
Sale la luna
Y se duerme la pasión
Pasión..."
Amores De Mi Calle;;;"UNA ROSA PASABA
POR MI CALLE
Y EL HUMO SE METIA POR MIS VENASna rosa pasaba
EL AIRE DE SUS FALDAS ERA
DANZA ETERNA
UNA LUNA NUEVA
BRILLA EN LA MIRADA
TAN HONDA DE ESA MUJER
AMORES DE MI CALLE
QUE IGUAL LLEGAN SE ME VAN
ME BESAN A TRAICION
ME ABRAZAN POR LA ESPALDA
PASA POR MI CALLE UNA PASION
(QUE SE PEGA A MI CUERPO)
UN TSUNAMI DE CARMIN Y DE NEON
(MARIPOSAS DE OJOS NEGROS)
LABIOS ANTIGUOS Y LABIOS NEGROS
DEDOS DE SEDA, BENDITOS DEDOS
UN PERFUME A ENAMRADA
ESA MUJER
AMORES DE MI CALLE
QUE IGUAL LLEGAN SE ME VAN
ME BESAN A TRAICION
ME ABRAZAN POR LA ESPALDA"
Then;;;"After more than 700 years of ungrateful love
We conscious to(come) reunited against the growling winds
I know... i know she'll be here again
I know all about this cavern world in your fragile head
Come up here come with me through the oceans of ungrateful tears
I know she'll be here again...
All my life i wanted to love again
All my life i wanted to be again
Come again...
Be my friend in the land of what was then
So a bomb explodes at the embassy
The F.U.C.K. claims
We will never be the same
Soldiers of fortune take me to space mountain
I know she'll be here again
Well i know... i know she'll be here again
All my life i wanted to love again
All my life i wanted to be again
Come again...
Be my friend in the land of what was then
Well my tears will never see the rains of yesterday
I'd never could've thought my heart would break this way inside of me
All my life i wanted to love again
All my life i wanted to be again
Come again...
Be my friend in the land of what was then
All my life i wanted to love again
All my life i wanted to be again
Come again...
Be my friend in the land of what was then
What was then..."
Desnudo;;;"Aqui estoy, desnudo sobre la arena
Con los ojos en la luna
Y los pies en las estrellas
Happy, happy, happy, happy

Aqui estoy, tumbado bajo la lluvia
Con las manos hacia el norte
Y los sesos entre mis uñas

Aqui estoy, desnudo vivir desnudo
Para no sufrir vestido
Por que todo lo que he sido
Lo he sido siempre desnudo
Happy,happy, happy, happy

Aqui estoy, desnudo sobre la arena
Con los ojos en la luna
Y los pies en las estrellas, happy

Aqui estoy con las rodillas al cielo
Y el pecho mirando a nada
Y la espalda en el infierno, en el infierno

Aqui estoy, happy, happy, happy
Happy, happy, happy, happy

Desnudo, happy, happy, happy
Desnudo, happy, happy, happy"
Es La Guerra;;;"Sopla el viento del norte
Y tiembla la tierra...
Es la guerra

Grita al sol de repente
Y cambia la suerte...
Es la muerte

Llora un nombre apretando
La vida en sus dedos...
Es el miedo

Duerme un niño amarrado
Con fuego y alambre...
Es el hambre

Unos ojos se cierran
En la madrugada...
Es la nada

...Es la guerra

Dile adiós a esa nube
Que emprende la huida...
Es tu vida

...Es la guerra

Dile adiós a tus alas
(de puertorriqueño)
De ángel pequeño...
Son tus sueños

Dile adiós a tu nombre
Tu mierda y a tu gloria...
Es tu historia"
Camaron;Frío;;"Hey Camarón por allá qué tal te va
Cuando oigo tu voz me pregunto dónde estás
Me pregunto, dónde estás camarón
Ven quédate que tu casa está en mi piel
Te podrás asomar por mis ojos hasta el mar
Pero nadie me responde y hasta el sol se va
Tan sólo mi guitarra resonando sin parar
Hey camarón por allá qué tal te va
Cuando oigo tu voz me pregunto dónde estás
Y yo que no traigo más que sol y polvo del camino
Bajo el agua encontré tu corazón, encontré tu corazón
Y vuelvo a la ciudad y entre bloques de cemento oigo tu voz
Hey camarón por allá qué tal te va
Cuando oigo tu voz me pregunto dónde estás
Hey camarón por allá qué tal te va
Cuando oigo tu voz me pregunto dónde estás
Nadie me responde
Y hasta el sol se esconde
Hey camarón, por allá qué tal te va
Cuando oigo tu voz me pregunto dónde estás
Hey camarón, por allá qué tal te va
Cuando oigo tu voz me pregunto dónde estás
Hey, camarón
Hey, camarón"
Todo Marcha Bien;;;"Los años pasaron
Y ese loco que fui yo
Se quedo en una vuelta del camino

Yo nunca tuve dinero
Solo viento soplando en mi bolsillo
No tuve nunca miedo
Solo arena, solo pena

Año tras año
Mi cuerpo crecio
Y mi mente de repente desperto
Entre flores de la guerra
Y el veneno del placer
Eh... todo marcha bien

Plante un sueño
Al este del Eden
Eh.. todo marcha
Cruce la playa
Y me atrapo el tren
Eh.. todo marcha bien

De mi casa y mi cuartel
Nadie sabe donde vivo
Nadie sabe mi papel
Mientras pinto las paredes
De color amanecer
Eh... todo marcha bn, todo va bien

Estoy a punto de saltar.......

Plante un sueño
Al este del Eden
Eh.. todo marcha
Cruce la playa
Y me atrapo el tren
Eh.. todo marcha bien

La tierra no me entierra
El vino no me da sombra
Tranquilo, que no llega tu hora
El que cuenta mi historia
Nada sabe de mi vida
Mi fracaso
Mi victoria perdida

Todo marcha bien..."
Mama Hue;Frío;;"Canta el agua y arde el viento
Que gran poder
Con su canto quemará tu piel

Si me cojes de la mano me quedaré
Y si no me das amor me iré

Canta, ponte en pié
Salta la pared

El futuro es tan oscuro que no se ve
Del pasado ya se hablo ayer
Aunque tenga que ir al fondo, te encontraré
Más allá del aguijón, la miel

Canta, ponte en pié
Salta la pared

Mucha gente está en la luna, ya se porque
En la tierra se perdió la fe

Canta, ponte en pié
Salta la pared"
Guajira;Frío;;"No me preguntes tú sabes lo que quiero
Yo me desespero si no tocan mi son
Tú me conoces yo no digo mentiras
Mira dame mi guajira yo me pongo sabrosón

Guajira, es lo que baila mi gente
Caliente, yo lo que quiero es sabor
Guajira, mi alma, mi cuerpo y mi mente
Caliente, tócame más por favor

La discoteca me vuelve como loco
Y poco a poco se me cansa el corazón
Siempre con lo mismo lo tocan y lo estiran
Si no tocan mi guajira se me va la inspiración

Guajira, es lo que baila mi gente
Caliente, yo lo que quiero es sabor
Guajira, mi alma, mi cuerpo y mi mente
Caliente, tócame más por favor

Afrocubana sabrosa y caribeña
Una trigueña ligada al sol y el mar
Un paso alante un paso atrás y gira
Mira con esta guajira uno no para de bailar

Guajira, es lo que baila mi gente
Caliente, yo lo que quiero es sabor
Guajira, mi alma, mi cuerpo y mi mente
Caliente, tócame más por favor

Es lo que baila mi gente
Yo lo que quiero es sabor y más sabor
Mi alma, mi cuerpo y mi mente
Tócame más por favor"
Rosa Mar’a - Cruzando Puertas;;;"Voy cruzando puertas tras de ti
Amor, porque quiero yo así
Porque sé que nos buscamos
Voy pisando pasos que ya di
¿Dónde estás? Te busco
Sólo encuentro un lugar de piedra y silencio
Voy cruzando puertas tras de ti
Voy cruzando puertas tras de ti
La oscuridad invita a la experiencia
Amiga y enemiga, es un animal
Que alimentarás hasta el fin
Te busco, sólo encuentro un lugar
De piedra y silencio
Tu cuerpo acecha tras la sombra
Tu cuerpo, laberinto eterno
Encubre peligro y misterio
Voy cruzando puertas tras de ti--¿Dónde estás?
Te busco, sólo encuentro un lugar
De piedra y silencio
Tu cuerpo acecha tras la sombra
Tu cuerp, laberinto eterno
Encubre peligro y misterio
Peligro y misterio
¿Dónde estás? Te busco, sólo encuentro un lugar
De piedra y silencio
Tu cuerpo acecha tras la sombra
Tu cuerpo laberinto eterno
Encubre peligro y misterio
Peligro y misterio
¿Dónde estás? Te busco, sólo encuentro un lugar
De piedra y silencio
Tu cuerpo acecha tras la sombra
Tu cuerpo, laberinto eterno
Encubre peligro y misterio"
Ms y ms (crash push);;;"Más
Si te acercas un poquito más
Me meterás
En ti
Más
Si te sueño mas
Ya no podré dormir
Nunca jamás
Así susurrándome
Tú te vienes a mi
Y mi habitación se llenará
De verde agua de mar
Verde que me pierde
Más y más
Si mas te quiero quiéreme
Tú mucho más
Más y más dentro de mi entrarás
Más y más
Tú más y más
Yo
No sé como abrazarme a tus brazos
Y no sufrir
Voy por la vida
Pidiéndote un amor
De suicida
Así susurrándome
Tú te vienes a mi
Más y más
Si más te quiero quiéreme
Tú mucho más
Más y más dentro de mi
Entrarás
Tú más y más
Tú más y más
Susurrándome
Y mi habitación se llenará del verde agua de mar
Verde que me pierde
Más y más
Si más te quiero quiéreme
Tú mucho más
Más y más
Dentro de mi entrarás
Tú más y más
Tú más y más
Tú más y más
Tú más y más
Más y más dentro de mi entrarás
Tú más y más
Tú más y más"
Cancion De Cuna;;;"Con los ojos en blanco
Levanta el vuelo
Y abandona la tierra
Para irte al cielo

Duerme niño mio
Con las moras silvestres
De mi cariño
De mi cariño

Sabanitas de noche
Cuna de plumas
Y en las cuatro esquinitas
Tus cuatro lunas

Duerme, duerme, mi niñillo
Con las moras silvestres
De mi cariño
De mi cariño"
Horizonte;;;"En la loma de San Juan
Viviendo cada cual su consecuencia
Me fumo una pipa celestial
En el exilio

En la loma de San Juan
Un sacerdote permanece inmovil
Sobre todo cuando las aguilas blancas
Se elevan, agitando
Contra los muertos del mar

Hey...

!AL HORIZONTE...
LOS OJOS A LA LINEA
SIEMPRE EN EL HORIZONTE
CON LOS CABALLOS...
AL HORIZONTE
AUNQUE NO EXISTA
AL HORIZONTE VOY!

En la loma de San Juan
Los dias se cruzan con los años
La locura se hace invisible
Atrapado en el ojo imaginario

Permitame crearles el otoño
Sobre la nueva Jerusalen
Con el gallo recien nacido
Juicio final
Olvido lo que soy y lo que he sido

!AL HORIZONTE...
LOS OJOS A LA LINEA
SIEMPRE EN EL HORIZONTE
CON LOS CABALLOS...
AL HORIZONTE
AUNQUE NO EXISTA
AL HORIZONTE VOY!"
I Come Before You;;;"I come before you
At this time to make
An expression of grattitude
Not only for myself
But for my loved ones...
And for all the people here
On Mother Earth say to always be peace
So we can enjoy life and look forward to a life
Of happiness and eternity
This is your promise to us
Let us all honor it
All through the time meditate
Hey!"
