track_name;track_duration;track_number;feature_duration;feature_loudness;feature_tempo;album_name;release_date;total_tracks
Dancing In The Rain (Remastered);298967;1;298.9678;298.9678;135.18;Mad Love Luxe (Remastered);2020-04-22;18
Lie Without A Lover (Remastered);311218;1;311.2188;311.2188;130.096;Mad Love Luxe (Remastered);2020-04-22;18
Crash Push (Remastered);210064;1;210.06416;210.06416;168.661;Mad Love Luxe (Remastered);2020-04-22;18
My Eyes Adore You (Remastered);238695;1;238.69583;238.69583;91.471;Mad Love Luxe (Remastered);2020-04-22;18
Cómo Me Acuerdo (Remastered);250653;1;250.65334;250.65334;89.054;Mad Love Luxe (Remastered);2020-04-22;18
Heaven Can Wait (Remastered);178047;1;178.04712;178.04712;125.193;Mad Love Luxe (Remastered);2020-04-22;18
This Time (Remastered);207726;1;207.72617;207.72617;108.103;Mad Love Luxe (Remastered);2020-04-22;18
California (Remastered);279501;1;279.50122;279.50122;142.985;Mad Love Luxe (Remastered);2020-04-22;18
Try Me (Remastered);198777;1;198.77728;198.77728;120.183;Mad Love Luxe (Remastered);2020-04-22;18
Solitary Man (Remastered);235781;1;235.78154;235.78154;216.758;Mad Love Luxe (Remastered);2020-04-22;18
Never Know The Truth (Remastered);182433;1;182.43324;182.43324;157.836;Mad Love Luxe (Remastered);2020-04-22;18
Do You Remember (Remastered);267711;1;267.7113;267.7113;88.627;Mad Love Luxe (Remastered);2020-04-22;18
Mad Love (Remastered);433248;1;433.24866;433.24866;135.094;Mad Love Luxe (Remastered);2020-04-22;18
Commitment #4 (Remastered);406906;1;406.90668;406.90668;108.269;Mad Love Luxe (Remastered);2020-04-22;18
Más y Más (Crash Push)(Remastered);211866;1;211.86667;211.86667;168.753;Mad Love Luxe (Remastered);2020-04-22;18
Noche Fría (Remastered);214379;1;214.379;214.379;135.03;Mad Love Luxe (Remastered);2020-04-22;18
This Time - Live PHVX Vault;224120;1;224.12096;224.12096;89.928;Mad Love Luxe (Remastered);2020-04-22;18
Lie Without a Lover - Rehearsal PHVX Vault;243522;1;243.52267;243.52267;108.479;Mad Love Luxe (Remastered);2020-04-22;18
Hotel de los Encuentros (Intro);55582;1;55.58231;55.58231;150.803;Monte Sagrado;2018-10-26;11
333;286097;1;286.0977;286.0977;111.061;Monte Sagrado;2018-10-26;11
Que Se Joda el Dolor;290680;1;290.68;290.68;124.99;Monte Sagrado;2018-10-26;11
Dentro de Ti;279813;1;279.81332;279.81332;129.006;Monte Sagrado;2018-10-26;11
Xeuníge;31773;1;31.77333;31.77333;159.52;Monte Sagrado;2018-10-26;11
Monte Sagrado;247756;1;247.75673;247.75673;116.975;Monte Sagrado;2018-10-26;11
Yo Mismo;140309;1;140.30994;140.30994;117.056;Monte Sagrado;2018-10-26;11
2nite 2nite;223173;1;223.17332;223.17332;129.942;Monte Sagrado;2018-10-26;11
Tu Lado Oscuro;160920;1;160.92068;160.92068;154.163;Monte Sagrado;2018-10-26;11
The Thing I Done;190159;1;190.15927;190.15927;128.038;Monte Sagrado;2018-10-26;11
En las Horas Más Tristes;485893;1;485.89334;485.89334;130.015;Monte Sagrado;2018-10-26;11
Hablando del Amor - Remastered Version;72626;1;72.62667;72.62667;84.393;Vagabundo 22;2018-08-10;16
Madre Tierra - Remastered Version;214960;1;214.96;214.96;165.944;Vagabundo 22;2018-08-10;16
Llanto Subterráneo - Remastered Version;232266;1;232.26666;232.26666;136.116;Vagabundo 22;2018-08-10;16
Vagabundo - Remastered Version;217200;1;217.2;217.2;96.117;Vagabundo 22;2018-08-10;16
Penélope - Remastered Version;283360;1;283.36;283.36;92.541;Vagabundo 22;2018-08-10;16
Delirios - Remastered Version;180346;1;180.34666;180.34666;167.758;Vagabundo 22;2018-08-10;16
Para No Olvidar - Remastered Version;255880;1;255.88;255.88;128.41;Vagabundo 22;2018-08-10;16
Blanca Mujer - Remastered Version;231373;1;231.37334;231.37334;81.774;Vagabundo 22;2018-08-10;16
Vértigo - Remastered Version;163800;1;163.8;163.8;126.096;Vagabundo 22;2018-08-10;16
Vivir - Remastered Version;261093;1;261.09332;261.09332;102.661;Vagabundo 22;2018-08-10;16
Brujería - Remastered Version;208733;1;208.73334;208.73334;142.225;Vagabundo 22;2018-08-10;16
La Flor del Frío - Remastered Version;235106;1;235.10667;235.10667;146.053;Vagabundo 22;2018-08-10;16
Amantes Hasta el Fin - Remastered Version;302773;1;302.77332;302.77332;131.958;Vagabundo 22;2018-08-10;16
Mientras Camino - Remastered Version;37680;1;37.68;37.68;73.036;Vagabundo 22;2018-08-10;16
Vértigo 22 - PHVX Archive;257493;1;257.49332;257.49332;123.878;Vagabundo 22;2018-08-10;16
Madre Tierra 22 - PHVX Archive;284493;1;284.49332;284.49332;142.595;Vagabundo 22;2018-08-10;16
Esto Es Vida (feat. Juan Luis Guerra);272320;1;272.32;272.32;203.99;Vida;2013-03-18;16
Penélope (feat. Maná);233626;1;233.62666;233.62666;92.492;Vida;2013-03-18;16
Cómo Me Acuerdo (feat. Alejandro Sanz);183986;1;183.98666;183.98666;88.902;Vida;2013-03-18;16
El Tiempo Va (feat. Rubén Blades);225840;1;225.84;225.84;105.005;Vida;2013-03-18;16
Obra de Arte (feat. Enrique Bunbury);224000;1;224.0;224.0;105.024;Vida;2013-03-18;16
Blanca Mujer (feat. Shakira);242573;1;242.57333;242.57333;81.68;Vida;2013-03-18;16
Más y Más (feat. Ricky Martin);202053;1;202.05333;202.05333;166.068;Vida;2013-03-18;16
Noche Fría (feat. MiMA);271640;1;271.64;271.64;134.99;Vida;2013-03-18;16
Vagabundo (feat. Andrés Calamaro);204146;1;204.14667;204.14667;96.033;Vida;2013-03-18;16
Roto por Ti (feat. Juanes);215653;1;215.65334;215.65334;135.949;Vida;2013-03-18;16
Paraíso Prometido (Hay Que Llegar) (feat. Marc Anthony);281693;1;281.69333;281.69333;110.069;Vida;2013-03-18;16
Reza por Mi (feat. Romeo Santos);278360;1;278.36;278.36;76.648;Vida;2013-03-18;16
Cruzando Puertas (feat. José Feliciano);213413;1;213.41333;213.41333;128.615;Vida;2013-03-18;16
Amantes Hasta el Fin (feat. Ednita Nazario);235213;1;235.21333;235.21333;132.571;Vida;2013-03-18;16
Gracias Brujería (feat. Tego Calderón);170373;1;170.37334;170.37334;141.918;Vida;2013-03-18;16
Madre Tierra 13 (feat. Calle 13);220173;1;220.17332;220.17332;166.057;Vida;2013-03-18;16
El Reloj De La Suerte (Delirios);342760;1;342.76;342.76;114.677;La Pena Negra;2011-02-14;7
Tiembla La Tierra (Es La Guerra);225146;1;225.14667;225.14667;88.106;La Pena Negra;2011-02-14;7
One Last Chance Before Tomorrow (Junkie);280800;1;280.8;280.8;107.959;La Pena Negra;2011-02-14;7
En La Sombra Del Sol (Noche Fria);245720;1;245.72;245.72;134.538;La Pena Negra;2011-02-14;7
Una Mano Y El Destino (Bandera);222600;1;222.6;222.6;131.332;La Pena Negra;2011-02-14;7
El Sueño Y La Conciencia (Llanto Subterraneo);267173;1;267.17334;267.17334;116.918;La Pena Negra;2011-02-14;7
Hacia El Humo Y El Hueso (Para No Olvidar);272600;1;272.6;272.6;113.775;La Pena Negra;2011-02-14;7
Vagabundo;223906;1;223.90668;223.90668;94.567;Draco Al Natural;2009-03-17;16
Try Me;228080;1;228.08;228.08;117.38;Draco Al Natural;2009-03-17;16
Lie Without a Lover;278013;1;278.01334;278.01334;118.551;Draco Al Natural;2009-03-17;16
Delirios;209653;1;209.65334;209.65334;130.893;Draco Al Natural;2009-03-17;16
Heaven Can Wait;181946;1;181.94667;181.94667;133.783;Draco Al Natural;2009-03-17;16
Blanca Mujer;255306;1;255.30667;255.30667;135.098;Draco Al Natural;2009-03-17;16
Brujeria;253680;1;253.68;253.68;131.368;Draco Al Natural;2009-03-17;16
Bandera;235186;1;235.18668;235.18668;134.108;Draco Al Natural;2009-03-17;16
Para No Olvidar;252280;1;252.28;252.28;131.226;Draco Al Natural;2009-03-17;16
Madre Tierra;230306;1;230.30667;230.30667;133.348;Draco Al Natural;2009-03-17;16
La Flor del Frio;153146;1;153.14667;153.14667;127.901;Draco Al Natural;2009-03-17;16
Mad Love;226653;1;226.65334;226.65334;87.349;Draco Al Natural;2009-03-17;16
Llanto Subterraneo;266840;1;266.84;266.84;123.255;Draco Al Natural;2009-03-17;16
Vertigo;239786;1;239.78667;239.78667;130.745;Draco Al Natural;2009-03-17;16
Como Me Acuerdo;431440;1;431.44;431.44;144.643;Draco Al Natural;2009-03-17;16
Bajo la Piel;232920;1;232.92;232.92;81.933;Draco Al Natural;2009-03-17;16
Delirios;210840;1;210.84;210.84;123.077;Ensayos Al Natural;2009-03-17;11
Lie Without A Lover;280106;1;280.10666;280.10666;114.982;Ensayos Al Natural;2009-03-17;11
La Flor Del Frío;139346;1;139.34666;139.34666;136.613;Ensayos Al Natural;2009-03-17;11
Cuando Pasara Casi Una Diosa Cruzando Puertas Amantes;419573;1;419.57333;419.57333;121.907;Ensayos Al Natural;2009-03-17;11
Bajo La Piel;192586;1;192.58667;192.58667;87.043;Ensayos Al Natural;2009-03-17;11
Noche Fría;223346;1;223.34666;223.34666;136.853;Ensayos Al Natural;2009-03-17;11
Llanto Subterraneo;262266;1;262.26666;262.26666;117.729;Ensayos Al Natural;2009-03-17;11
Madre Tierra;206626;1;206.62666;206.62666;139.142;Ensayos Al Natural;2009-03-17;11
Para No Olvidar;239240;1;239.24;239.24;119.817;Ensayos Al Natural;2009-03-17;11
Vertigo;195733;1;195.73334;195.73334;117.645;Ensayos Al Natural;2009-03-17;11
One More Day Penelope;367826;1;367.82666;367.82666;77.208;Ensayos Al Natural;2009-03-17;11
Esto Es Vida;274053;1;274.05334;274.05334;102.019;Amor Vincit Omnia;2009;9
Amores De Mi Calle;225880;1;225.88;225.88;110.09;Amor Vincit Omnia;2009;9
Espejismo;246226;1;246.22667;246.22667;94.988;Amor Vincit Omnia;2009;9
Paraiso Prometido (Hay Que Llegar);309826;1;309.82666;309.82666;109.991;Amor Vincit Omnia;2009;9
Libre Que Te Quiero Libre;245506;1;245.50667;245.50667;105.978;Amor Vincit Omnia;2009;9
Reza Por Mi;317826;1;317.82666;317.82666;77.491;Amor Vincit Omnia;2009;9
Obra De Arte;281906;1;281.90668;281.90668;105.05;Amor Vincit Omnia;2009;9
Mis Amigos;228533;1;228.53333;228.53333;149.358;Amor Vincit Omnia;2009;9
El Tiempo Va;304400;1;304.4;304.4;105.009;Amor Vincit Omnia;2009;9
Intro (Bosque De Los Numeros);147266;1;147.26666;147.26666;172.004;Teatro Live;2008-09-30;14
Divididos;188520;1;188.52;188.52;144.268;Teatro Live;2008-09-30;14
Bosque De Los Numeros;104146;1;104.14667;104.14667;174.5;Teatro Live;2008-09-30;14
Madre;223000;1;223.0;223.0;172.721;Teatro Live;2008-09-30;14
Todo Es Vino;263760;1;263.76;263.76;104.627;Teatro Live;2008-09-30;14
Roadhouse Blues;267146;1;267.14667;267.14667;124.717;Teatro Live;2008-09-30;14
Livin La Vida Loca;248893;1;248.89333;248.89333;125.562;Teatro Live;2008-09-30;14
Penelope;242786;1;242.78667;242.78667;153.623;Teatro Live;2008-09-30;14
Blanca Mujer;243800;1;243.8;243.8;75.882;Teatro Live;2008-09-30;14
Cruzando Puertas;229346;1;229.34666;229.34666;78.987;Teatro Live;2008-09-30;14
Para No Olividar;291813;1;291.81332;291.81332;125.693;Teatro Live;2008-09-30;14
Tu Tren Se Va;198720;1;198.72;198.72;92.133;Teatro Live;2008-09-30;14
Brujeria;238800;1;238.8;238.8;135.967;Teatro Live;2008-09-30;14
Mad Love;232573;1;232.57333;232.57333;177.434;Teatro Live;2008-09-30;14
Todo Es Vino;232733;1;232.73334;232.73334;98.826;Vino;2008-09-28;14
Te Fumaré;193520;1;193.52;193.52;145.119;Vino;2008-09-28;14
Es La Guerra;247106;1;247.10667;247.10667;80.561;Vino;2008-09-28;14
Sueño Contigo;200613;1;200.61333;200.61333;88.827;Vino;2008-09-28;14
Aleluya;273640;1;273.64;273.64;84.574;Vino;2008-09-28;14
Todo Marcha Bien;240653;1;240.65334;240.65334;93.655;Vino;2008-09-28;14
Desnudo;162106;1;162.10667;162.10667;122.277;Vino;2008-09-28;14
Horizonte;426146;1;426.14667;426.14667;129.034;Vino;2008-09-28;14
Bosque De Los Números;233893;1;233.89333;233.89333;167.754;Vino;2008-09-28;14
Hasta La Victoria;234733;1;234.73334;234.73334;179.912;Vino;2008-09-28;14
One Too Many Mornings;234106;1;234.10667;234.10667;113.301;Vino;2008-09-28;14
Roto Por Ti;214680;1;214.68;214.68;135.536;Vino;2008-09-28;14
Mensaje De Paz;35493;1;35.49333;35.49333;90.57;Vino;2008-09-28;14
Luchar Por Ella;224293;1;224.29333;224.29333;90.522;Vino;2008-09-28;14
Dancing In The Rain;299093;1;299.09332;299.09332;135.173;Mad Love;2001;15
Lie Without A Lover;311213;1;311.21332;311.21332;130.079;Mad Love;2001;15
Crash Push;210066;1;210.06667;210.06667;168.669;Mad Love;2001;15
My Eyes Adore You;238693;1;238.69333;238.69333;91.511;Mad Love;2001;15
Cómo Me Acuerdo;250653;1;250.65334;250.65334;89.063;Mad Love;2001;15
Heaven Can Wait;178053;1;178.05333;178.05333;125.188;Mad Love;2001;15
This Time;207720;1;207.72;207.72;108.099;Mad Love;2001;15
California;279573;1;279.57333;279.57333;142.594;Mad Love;2001;15
Try Me;198640;1;198.64;198.64;120.186;Mad Love;2001;15
Solitary Man;235853;1;235.85333;235.85333;216.99;Mad Love;2001;15
Never Know The Truth;182413;1;182.41333;182.41333;79.438;Mad Love;2001;15
Do You Remember;268293;1;268.29333;268.29333;88.947;Mad Love;2001;15
Mad Love;888973;1;888.9733;888.9733;108.359;Mad Love;2001;15
Más y Más (Crash Push);211866;1;211.86667;211.86667;168.742;Mad Love;2001;15
Noche Fría;214413;1;214.41333;214.41333;135.027;Mad Love;2001;15
Embryo - Camaron;200200;1;200.2;200.2;88.624;Songbirds & Roosters;1998-07-28;11
Then - Volver;243640;1;243.64;243.64;145.854;Songbirds & Roosters;1998-07-28;11
Rosa María - Cruzando Puertas;239826;1;239.82668;239.82668;128.72;Songbirds & Roosters;1998-07-28;11
Junkie - Cuando Pasará;225133;1;225.13333;225.13333;81.096;Songbirds & Roosters;1998-07-28;11
Lifeless Clown - Pasión;177666;1;177.66667;177.66667;110.793;Songbirds & Roosters;1998-07-28;11
Songbirds & Roosters - Almas Diferentes/Almas Gemelas;230533;1;230.53333;230.53333;80.645;Songbirds & Roosters;1998-07-28;11
A Blindman's Parade - Frío;260560;1;260.56;260.56;87.303;Songbirds & Roosters;1998-07-28;11
Memories Burn - Tu Tren Se Va;256773;1;256.77332;256.77332;177.247;Songbirds & Roosters;1998-07-28;11
Nymph - Casi Una Diosa;201066;1;201.06667;201.06667;121.173;Songbirds & Roosters;1998-07-28;11
Sunshine - Me Importa;191200;1;191.2;191.2;116.298;Songbirds & Roosters;1998-07-28;11
Mourning Gun - Blanca Mujer;213173;1;213.17332;213.17332;163.7;Songbirds & Roosters;1998-07-28;11
Hablando Del Amor;72266;1;72.26667;72.26667;76.671;Vagabundo;1996-06-18;14
Madre Tierra;214866;1;214.86667;214.86667;166.012;Vagabundo;1996-06-18;14
Llanto Subterraneo;232160;1;232.16;232.16;136.127;Vagabundo;1996-06-18;14
Vagabundo;217226;1;217.22667;217.22667;96.087;Vagabundo;1996-06-18;14
Penélope;283533;1;283.53333;283.53333;92.584;Vagabundo;1996-06-18;14
Delirios;180266;1;180.26666;180.26666;167.769;Vagabundo;1996-06-18;14
Para No Olvidar;255960;1;255.96;255.96;128.527;Vagabundo;1996-06-18;14
Blanca Mujer;231373;1;231.37334;231.37334;81.88;Vagabundo;1996-06-18;14
Vertigo;163733;1;163.73334;163.73334;126.093;Vagabundo;1996-06-18;14
Vivir;261160;1;261.16;261.16;204.337;Vagabundo;1996-06-18;14
Brujería;208733;1;208.73334;208.73334;142.137;Vagabundo;1996-06-18;14
La Flor Del Frio;235040;1;235.04;235.04;73.062;Vagabundo;1996-06-18;14
Amantes Hasta el Fin;302733;1;302.73334;302.73334;132.041;Vagabundo;1996-06-18;14
Mientras Camino;37533;1;37.53333;37.53333;69.314;Vagabundo;1996-06-18;14
Cruzando Puertas;247400;1;247.4;247.4;128.839;Frio;1994-03-22;13
Y Que Me Importa;192173;1;192.17332;192.17332;116.392;Frio;1994-03-22;13
Cuando Pasara;227760;1;227.76;227.76;162.185;Frio;1994-03-22;13
Frio;268866;1;268.86667;268.86667;87.333;Frio;1994-03-22;13
Mama;224800;1;224.8;224.8;90.761;Frio;1994-03-22;13
Guajira;255373;1;255.37334;255.37334;107.758;Frio;1994-03-22;13
Tu Tren Se Va;263066;1;263.06668;263.06668;88.618;Frio;1994-03-22;13
Casi Una Diosa;224773;1;224.77333;224.77333;121.293;Frio;1994-03-22;13
Pasion;288493;1;288.49332;288.49332;110.829;Frio;1994-03-22;13
Camaron;273866;1;273.86667;273.86667;88.573;Frio;1994-03-22;13
Almas Diferentes, Almas Gemelas;218800;1;218.8;218.8;80.684;Frio;1994-03-22;13
Volver;279800;1;279.8;279.8;146.008;Frio;1994-03-22;13
Mama Hue;290800;1;290.8;290.8;111.781;Frio;1994-03-22;13
Cómo Me Acuerdo;253493;1;253.49333;253.49333;89.056;Como Me Acuerdo;1994;11
Noche Fría;213666;1;213.66667;213.66667;135.033;Como Me Acuerdo;1994;11
Más y Más (Crash Push);211866;1;211.86667;211.86667;168.753;Como Me Acuerdo;1994;11
Bajo La Piel;195906;1;195.90668;195.90668;83.237;Como Me Acuerdo;1994;11
Bandera;140773;1;140.77333;140.77333;74.795;Como Me Acuerdo;1994;11
Amantes Hasta el Fin;305200;1;305.2;305.2;132.03;Como Me Acuerdo;1994;11
Penélope;283640;1;283.64;283.64;92.54;Como Me Acuerdo;1994;11
Cancion De Cuna;168613;1;168.61333;168.61333;83.336;Como Me Acuerdo;1994;11
Blanca Mujer;224853;1;224.85333;224.85333;81.791;Como Me Acuerdo;1994;11
Vagabundo;216760;1;216.76;216.76;96.121;Como Me Acuerdo;1994;11
Cuando Pasara - Remastered album version;198440;1;198.44;198.44;78.876;Como Me Acuerdo;1994;11
Penélope;284533;1;284.53333;284.53333;92.545;Libertad Del Alma;1994;15
Tu Tren Se Va;262840;1;262.84;262.84;88.675;Libertad Del Alma;1994;15
Junkie - Cuando Pasará;225333;1;225.33333;225.33333;81.094;Libertad Del Alma;1994;15
Madre Tierra;217040;1;217.04;217.04;165.953;Libertad Del Alma;1994;15
Frio;268493;1;268.49332;268.49332;87.355;Libertad Del Alma;1994;15
Vagabundo - Acoustic Version Courtesy Of MTV: Music Television;303506;1;303.50668;303.50668;168.614;Libertad Del Alma;1994;15
Cómo Me Acuerdo;295466;1;295.46667;295.46667;89.069;Libertad Del Alma;1994;15
Almas Diferentes, Almas Gemelas;230333;1;230.33333;230.33333;80.676;Libertad Del Alma;1994;15
Brujeria - Acoustic Version Courtesy Of MTV: Music Television;251800;1;251.8;251.8;129.07;Libertad Del Alma;1994;15
Mourning Gun - Blanca Mujer;213600;1;213.6;213.6;81.996;Libertad Del Alma;1994;15
Cruzando Puertas;245693;1;245.69333;245.69333;128.876;Libertad Del Alma;1994;15
Nymph - Casi Una Diosa;198093;1;198.09332;198.09332;121.233;Libertad Del Alma;1994;15
Vagabundo;217373;1;217.37334;217.37334;96.098;Libertad Del Alma;1994;15
Commitment #4;403733;1;403.73334;403.73334;108.266;Libertad Del Alma;1994;15
Solitary Man - Acoustic Version;231373;1;231.37334;231.37334;107.808;Libertad Del Alma;1994;15
Quiero Vivir;209264;1;209.26459;209.26459;177.238;Quiero Vivir;2020-01-24;1
Esto Es Vida (feat. Juan Luis Guerra) - Bachata Remix;202266;1;202.26666;202.26666;128.99;Esto Es Vida (feat. Juan Luis Guerra) [Bachata Remix];2013-09-30;1
Más y Más (feat. Ricky Martin) - Versión Urbana;201560;1;201.56;201.56;99.983;Más y Más (feat. Ricky Martin) [Versión Urbana];2013-02-25;1
Penélope (feat. Maná);233626;1;233.62666;233.62666;92.492;Penélope (feat. Maná);2012-09-17;1
Forest of Numbers (Rock It!) (feat. Mr. Blake);692400;1;692.4;692.4;118.972;Forest of Numbers (Rock It!) (feat. Mr. Blake);2012-06-25;1
Forest of Numbers;258800;1;258.8;258.8;110.104;"Heronepheus ""King of the Void""";2011-03-18;2
Ways of the Days;300186;1;300.18668;300.18668;120.086;"Heronepheus ""King of the Void""";2011-03-18;2
Paraiso Prometido;309826;1;309.82666;309.82666;110.038;Paraiso Prometido - Single;2009-10-19;1
Padre Mio;269893;1;269.89334;269.89334;83.151;Padre Mio;2008-09-28;1
Cómo Me Acuerdo;253493;1;253.49333;253.49333;89.056;Como Me Acuerdo;2001-03-23;1
Comodín;180826;1;180.82639;180.82639;122.036;Otras Canciones;2019-04-12;15
Al Vacío;289154;1;289.1549;289.1549;92.002;Otras Canciones;2019-04-12;15
Esos Ojos;175731;1;175.73161;175.73161;121.972;Otras Canciones;2019-04-12;15
Cruz de Olvido;161084;1;161.08495;161.08495;69.127;Otras Canciones;2019-04-12;15
Chau;319393;1;319.39328;319.39328;95.985;Otras Canciones;2019-04-12;15
Me Ilumina Hoy;225116;1;225.1161;225.1161;119.996;Otras Canciones;2019-04-12;15
A Las Nueve;202063;1;202.06322;202.06322;128.01;Otras Canciones;2019-04-12;15
Clara;261665;1;261.66595;261.66595;89.185;Otras Canciones;2019-04-12;15
Tirano;249487;1;249.48708;249.48708;94.063;Otras Canciones;2019-04-12;15
De Nada Sirve;237873;1;237.8737;237.8737;177.085;Otras Canciones;2019-04-12;15
Te Quedas;231111;1;231.11153;231.11153;104.997;Otras Canciones;2019-04-12;15
Verte Reír;201083;1;201.08313;201.08313;88.871;Otras Canciones;2019-04-12;15
-------------------;4055;1;4.05524;4.05524;0.0;Otras Canciones;2019-04-12;15
Poco;250535;1;250.53519;250.53519;134.056;Otras Canciones;2019-04-12;15
No Era Cierto;235650;1;235.65099;235.65099;110.019;Otras Canciones;2019-04-12;15
Ahora - MTV Unplugged;337920;1;337.9201;337.9201;136.968;MTV Unplugged. El Libro De Las Mutaciones;2015-11-27;15
Dos clavos a mis alas - MTV Unplugged;262117;1;262.11774;262.11774;102.945;MTV Unplugged. El Libro De Las Mutaciones;2015-11-27;15
La sirena varada - MTV Unplugged;275517;1;275.5171;275.5171;149.865;MTV Unplugged. El Libro De Las Mutaciones;2015-11-27;15
Los inmortales - MTV Unplugged;275881;1;275.88153;275.88153;133.94;MTV Unplugged. El Libro De Las Mutaciones;2015-11-27;15
El boxeador (feat. Draco Rosa) - MTV Unplugged;316206;1;316.20645;316.20645;95.008;MTV Unplugged. El Libro De Las Mutaciones;2015-11-27;15
El camino del exceso - MTV Unplugged;294757;1;294.75702;294.75702;108.003;MTV Unplugged. El Libro De Las Mutaciones;2015-11-27;15
Planeta Sur (feat. Vetusta Morla) - MTV Unplugged;297300;1;297.3007;297.3007;106.022;MTV Unplugged. El Libro De Las Mutaciones;2015-11-27;15
Hay muy poca gente - MTV Unplugged;276629;1;276.6295;276.6295;145.998;MTV Unplugged. El Libro De Las Mutaciones;2015-11-27;15
Porque las cosas cambian (feat. Carla Morrison) - MTV Unplugged;285737;1;285.73752;285.73752;118.02;MTV Unplugged. El Libro De Las Mutaciones;2015-11-27;15
Avalancha - MTV Unplugged;357461;1;357.46176;357.46176;149.944;MTV Unplugged. El Libro De Las Mutaciones;2015-11-27;15
Ven y camina conmigo (feat. Pepe Aguilar) - MTV Unplugged;278461;1;278.46133;278.46133;150.196;MTV Unplugged. El Libro De Las Mutaciones;2015-11-27;15
"Mar adentro - MTV Unplugged; Live";241605;1;241.60509;241.60509;140.038;MTV Unplugged. El Libro De Las Mutaciones;2015-11-27;15
Más alto que nosotros sólo el cielo - MTV Unplugged;268383;1;268.38348;268.38348;97.598;MTV Unplugged. El Libro De Las Mutaciones;2015-11-27;15
La chispa adecuada (feat. León Larregui) - MTV Unplugged;291117;1;291.11728;291.11728;115.997;MTV Unplugged. El Libro De Las Mutaciones;2015-11-27;15
Doscientos huesos y un collar de calaveras - MTV Unplugged;316946;1;316.9468;316.9468;127.988;MTV Unplugged. El Libro De Las Mutaciones;2015-11-27;15
Como Ladrones - Primera Fila [En Vivo];240053;1;240.05333;240.05333;113.986;La Guzmán en Primera Fila;2014-11-04;18
Volveré a Amar - Primera Fila [En Vivo];233293;1;233.29333;233.29333;122.972;La Guzmán en Primera Fila;2014-11-04;18
Quítatelo (with Beatriz Luengo) - Primera Fila [En Vivo];219520;1;219.52;219.52;152.092;La Guzmán en Primera Fila;2014-11-04;18
Entre los Dos - Primera Fila [En Vivo];213773;1;213.77333;213.77333;139.762;La Guzmán en Primera Fila;2014-11-04;18
Yo No Soy de Nadie (with Fonseca) - Primera Fila [En Vivo];178680;1;178.68;178.68;176.093;La Guzmán en Primera Fila;2014-11-04;18
Eternamente Bella - Primera Fila [En Vivo];206440;1;206.44;206.44;121.921;La Guzmán en Primera Fila;2014-11-04;18
Yo Te Esperaba - Primera Fila [En Vivo];224880;1;224.88;224.88;140.857;La Guzmán en Primera Fila;2014-11-04;18
Aunque Me Mientas (with Dani Martin) - Primera Fila [En Vivo];198186;1;198.18668;198.18668;104.015;La Guzmán en Primera Fila;2014-11-04;18
Para Mí - Primera Fila [En Vivo];226640;1;226.64;226.64;171.184;La Guzmán en Primera Fila;2014-11-04;18
Volverte a Amar (with Mario Domm) - Primera Fila [En Vivo];242426;1;242.42667;242.42667;179.161;La Guzmán en Primera Fila;2014-11-04;18
Desde Que Te Fuiste - Primera Fila [En Vivo];207253;1;207.25333;207.25333;130.047;La Guzmán en Primera Fila;2014-11-04;18
All Along the Watchtower (with Draco Rosa) - Primera Fila [En Vivo];186240;1;186.24;186.24;172.858;La Guzmán en Primera Fila;2014-11-04;18
Mi Peor Error - Primera Fila [En Vivo];238960;1;238.96;238.96;181.598;La Guzmán en Primera Fila;2014-11-04;18
Hacer el Amor Con Otro - Primera Fila [En Vivo];317640;1;317.64;317.64;131.877;La Guzmán en Primera Fila;2014-11-04;18
Mírala, Míralo - Primera Fila [En Vivo];272026;1;272.02667;272.02667;127.0;La Guzmán en Primera Fila;2014-11-04;18
Libre - Primera Fila [En Vivo];296066;1;296.06668;296.06668;145.705;La Guzmán en Primera Fila;2014-11-04;18
"Yo No Soy de Nadie (with Margarita ""La Diosa De La Cumb""ia)";164666;1;164.66667;164.66667;87.34;La Guzmán en Primera Fila;2014-11-04;18
Mi Peor Error (feat. Yandel) - Primera Fila [En Vivo][Remix];192573;1;192.57333;192.57333;102.987;La Guzmán en Primera Fila;2014-11-04;18
Darte un Beso;207640;1;207.64;207.64;139.978;Lo Mejor de Lo Mejor - 2013;2013-12-03;10
Volví a Nacer;222893;1;222.89333;222.89333;97.972;Lo Mejor de Lo Mejor - 2013;2013-12-03;10
Más y Más (feat. Ricky Martin);203826;1;203.82668;203.82668;166.046;Lo Mejor de Lo Mejor - 2013;2013-12-03;10
Cuando Se Va el Amor;250413;1;250.41333;250.41333;78.007;Lo Mejor de Lo Mejor - 2013;2013-12-03;10
Vivir Mi Vida;252706;1;252.70667;252.70667;105.003;Lo Mejor de Lo Mejor - 2013;2013-12-03;10
La Canción Que Necesito;221800;1;221.8;221.8;140.011;Lo Mejor de Lo Mejor - 2013;2013-12-03;10
Sin Ti;268493;1;268.49332;268.49332;167.839;Lo Mejor de Lo Mejor - 2013;2013-12-03;10
Mi Salsa Le Gustó;230693;1;230.69333;230.69333;99.023;Lo Mejor de Lo Mejor - 2013;2013-12-03;10
Si Tú No Estás;264546;1;264.54666;264.54666;169.89;Lo Mejor de Lo Mejor - 2013;2013-12-03;10
Echa Pa'lla (Manos Pa'rriba);196586;1;196.58667;196.58667;87.778;Lo Mejor de Lo Mejor - 2013;2013-12-03;10
Como Ladrones - Primera Fila [En Vivo];239946;1;239.94667;239.94667;114.005;La Guzmán en Primera Fila;2013-11-26;15
Volveré a Amar - Primera Fila [En Vivo];233213;1;233.21333;233.21333;122.888;La Guzmán en Primera Fila;2013-11-26;15
Quítatelo (with Beatriz Luengo) - Primera Fila [En Vivo];219466;1;219.46667;219.46667;152.011;La Guzmán en Primera Fila;2013-11-26;15
Yo No Soy de Nadie (with Fonseca) - Primera Fila [En Vivo];174666;1;174.66667;174.66667;176.221;La Guzmán en Primera Fila;2013-11-26;15
Eternamente Bella - Primera Fila [En Vivo];210640;1;210.64;210.64;121.882;La Guzmán en Primera Fila;2013-11-26;15
Yo Te Esperaba - Primera Fila [En Vivo];224866;1;224.86667;224.86667;140.324;La Guzmán en Primera Fila;2013-11-26;15
Aunque Me Mientas (with Dani Martin) - Primera Fila [En Vivo];199266;1;199.26666;199.26666;104.021;La Guzmán en Primera Fila;2013-11-26;15
Para Mí - Primera Fila [En Vivo];224360;1;224.36;224.36;171.122;La Guzmán en Primera Fila;2013-11-26;15
Volverte a Amar (with Mario Domm) - Primera Fila [En Vivo];242480;1;242.48;242.48;89.788;La Guzmán en Primera Fila;2013-11-26;15
Desde Que Te Fuiste - Primera Fila [En Vivo];207346;1;207.34666;207.34666;130.036;La Guzmán en Primera Fila;2013-11-26;15
All Along the Watchtower (with Draco Rosa) - Primera Fila [En Vivo];179893;1;179.89333;179.89333;173.037;La Guzmán en Primera Fila;2013-11-26;15
Mi Peor Error - Primera Fila [En Vivo];245400;1;245.4;245.4;181.454;La Guzmán en Primera Fila;2013-11-26;15
Hacer el Amor Con Otro - Primera Fila [En Vivo];317653;1;317.65332;317.65332;131.716;La Guzmán en Primera Fila;2013-11-26;15
Mírala, Míralo - Primera Fila [En Vivo];271960;1;271.96;271.96;126.996;La Guzmán en Primera Fila;2013-11-26;15
Libre - Primera Fila [En Vivo];296480;1;296.48;296.48;145.947;La Guzmán en Primera Fila;2013-11-26;15
Amor Inmortal - Ballad Version;238986;1;238.98666;238.98666;137.981;Gabriel Soundtrack;2008-12-09;12
Esta Soledad;189773;1;189.77333;189.77333;75.979;Gabriel Soundtrack;2008-12-09;12
Me Muero;189546;1;189.54668;189.54668;170.045;Gabriel Soundtrack;2008-12-09;12
Yo Soy Tu Dueño;177773;1;177.77333;177.77333;89.995;Gabriel Soundtrack;2008-12-09;12
Abrázame;230133;1;230.13333;230.13333;150.676;Gabriel Soundtrack;2008-12-09;12
La Hormiga Brava;225826;1;225.82668;225.82668;90.01;Gabriel Soundtrack;2008-12-09;12
Perdonar Es Divino;316866;1;316.86667;316.86667;99.829;Gabriel Soundtrack;2008-12-09;12
Heaven Can Wait;182066;1;182.06667;182.06667;133.773;Gabriel Soundtrack;2008-12-09;12
Cartas De Amor;217640;1;217.64;217.64;111.048;Gabriel Soundtrack;2008-12-09;12
Conteo Regresivo - Salsa Version;266840;1;266.84;266.84;164.005;Gabriel Soundtrack;2008-12-09;12
Sobrenatural;179960;1;179.96;179.96;89.99;Gabriel Soundtrack;2008-12-09;12
Amor Inmortal - Tropical Remix;238373;1;238.37334;238.37334;172.129;Gabriel Soundtrack;2008-12-09;12
